# ************************************************************
# Sequel Pro SQL dump
# Version 4541
#
# http://www.sequelpro.com/
# https://github.com/sequelpro/sequelpro
#
# Host: 127.0.0.1 (MySQL 5.7.21)
# Database: database
# Generation Time: 2019-04-10 13:00:48 +0000
# ************************************************************


/*!40101 SET @OLD_CHARACTER_SET_CLIENT = @@CHARACTER_SET_CLIENT */;
/*!40101 SET @OLD_CHARACTER_SET_RESULTS = @@CHARACTER_SET_RESULTS */;
/*!40101 SET @OLD_COLLATION_CONNECTION = @@COLLATION_CONNECTION */;
/*!40101 SET NAMES utf8 */;
/*!40014 SET @OLD_FOREIGN_KEY_CHECKS = @@FOREIGN_KEY_CHECKS, FOREIGN_KEY_CHECKS = 0 */;
/*!40101 SET @OLD_SQL_MODE = @@SQL_MODE, SQL_MODE = 'NO_AUTO_VALUE_ON_ZERO' */;
/*!40111 SET @OLD_SQL_NOTES = @@SQL_NOTES, SQL_NOTES = 0 */;


# Dump of table country
# ------------------------------------------------------------

CREATE TABLE IF NOT EXISTS users
(
  username VARCHAR(20),
  password VARCHAR(20),
  Unique (username),
  primary key (username)
);

INSERT INTO users
VALUES ('ayman', 'potato');
INSERT INTO users
VALUES ('ashraf', 'tomato');
INSERT INTO users
VALUES ('rayan', 'raddish');
INSERT INTO users
VALUES ('sebas', 'eggs');
INSERT INTO users
VALUES ('jihad', 'carrot');

DROP TABLE IF EXISTS `country`;

CREATE TABLE `country`
(
  `Country`      varchar(25) NOT NULL,
  `Currency`     varchar(20) DEFAULT NULL,
  `Language`     varchar(30) NOT NULL,
  `Country_Code` int(11)     NOT NULL,
  PRIMARY KEY (`Country`)
) ENGINE = InnoDB
  DEFAULT CHARSET = latin1;

LOCK TABLES `country` WRITE;
/*!40000 ALTER TABLE `country`
  DISABLE KEYS */;

INSERT INTO `country` (`Country`, `Currency`, `Language`, `Country_Code`)
VALUES ('Bahrain', 'Bahraini Dinar', 'Arabic', 973),
       ('Egypt', 'Egypt Pound', 'Arabic', 20),
       ('Iraq', 'Iraqi Dinar', 'Arabic', 964),
       ('Jordan', 'Jordanian Dinar', 'Arabic', 962),
       ('Kuwait', 'Kuwaiti Dinar', 'Arabic', 965),
       ('Lebanon', 'Lebanese Lira', 'Arabic', 961),
       ('Qatar', 'Qatari Riyal', 'Arabic', 974),
       ('Saudi Arabia', 'Saudi Riyal', 'Arabic', 966),
       ('Syria', 'Syria Pound', 'Arabic', 963),
       ('Turkey', 'Turkish Lira', 'Arabic', 90),
       ('UAE', 'UAE Dirham', 'Arabic', 971);

/*!40000 ALTER TABLE `country`
  ENABLE KEYS */;
UNLOCK TABLES;


# Dump of table operator
# ------------------------------------------------------------

DROP TABLE IF EXISTS `operator`;

CREATE TABLE `operator`
(
  `operator_name` varchar(30) NOT NULL,
  `country`       varchar(25) NOT NULL,
  PRIMARY KEY (`operator_name`, `country`),
  KEY `country` (`country`),
  CONSTRAINT `operator_ibfk_1` FOREIGN KEY (`country`) REFERENCES `country` (`Country`) ON DELETE CASCADE
) ENGINE = InnoDB
  DEFAULT CHARSET = latin1;

LOCK TABLES `operator` WRITE;
/*!40000 ALTER TABLE `operator`
  DISABLE KEYS */;

INSERT INTO `operator` (`operator_name`, `country`)
VALUES ('Batelco', 'Bahrain'),
       ('Viva', 'Bahrain'),
       ('Zain', 'Bahrain'),
       ('Etisalat', 'Egypt'),
       ('Etisalat Misr', 'Egypt'),
       ('Orange S.A.', 'Egypt'),
       ('Telecom Egypt', 'Egypt'),
       ('Vodafone', 'Egypt'),
       ('Vodafone Egypt', 'Egypt'),
       ('Asiacell', 'Iraq'),
       ('Korek Telecom', 'Iraq'),
       ('Zain Iraq', 'Iraq'),
       ('Batelco', 'Jordan'),
       ('Orange S.A.', 'Jordan'),
       ('Umniah', 'Jordan'),
       ('Batelco', 'Kuwait'),
       ('Viva', 'Kuwait'),
       ('Zain', 'Kuwait'),
       ('Alpha', 'Lebanon'),
       ('Touch', 'Lebanon'),
       ('Ooredoo', 'Qatar'),
       ('Vodafone', 'Qatar'),
       ('Bayanat', 'Saudi Arabia'),
       ('Etihad Atheeb Telecom', 'Saudi Arabia'),
       ('Integrated Telecom Company', 'Saudi Arabia'),
       ('Mobily', 'Saudi Arabia'),
       ('Saudi Telecom Company', 'Saudi Arabia'),
       ('Virgin Mobile Saudi Arabia', 'Saudi Arabia'),
       ('Zain Saudi Arabia', 'Saudi Arabia'),
       ('MTN GROUP', 'Syria'),
       ('Syriatel', 'Syria'),
       ('Turk Telecom', 'Turkey'),
       ('Turkcell', 'Turkey'),
       ('Vodafone', 'Turkey'),
       ('Advacomm', 'UAE'),
       ('DU', 'UAE'),
       ('Etisalat', 'UAE'),
       ('Koohiji Group', 'UAE'),
       ('Krishna International', 'UAE'),
       ('Site Technology', 'UAE');

/*!40000 ALTER TABLE `operator`
  ENABLE KEYS */;
UNLOCK TABLES;


# Dump of table optfail
# ------------------------------------------------------------

DROP TABLE IF EXISTS `optfail`;

CREATE TABLE `optfail`
(
  `optfail_ID` int(11)      NOT NULL AUTO_INCREMENT,
  `date`       date         NOT NULL,
  `operator`   varchar(30)  NOT NULL,
  `service`    int(11)      NOT NULL,
  `reason`     varchar(100) NOT NULL,
  PRIMARY KEY (`optfail_ID`),
  KEY `operator` (`operator`),
  KEY `service` (`service`),
  CONSTRAINT `optfail_ibfk_1` FOREIGN KEY (`operator`) REFERENCES `operator` (`operator_name`) ON DELETE CASCADE,
  CONSTRAINT `optfail_ibfk_2` FOREIGN KEY (`service`) REFERENCES `service` (`service_ID`) ON DELETE CASCADE
) ENGINE = InnoDB
  DEFAULT CHARSET = latin1;

LOCK TABLES `optfail` WRITE;
/*!40000 ALTER TABLE `optfail`
  DISABLE KEYS */;

INSERT INTO `optfail` (`optfail_ID`, `date`, `operator`, `service`, `reason`)
VALUES (2, '2019-01-21', 'Touch', 57, 'Unreachable'),
       (3, '2019-03-09', 'Batelco', 77, 'Insufficient funds'),
       (4, '2019-03-11', 'Zain', 14, 'Insufficient funds'),
       (6, '2019-02-06', 'Site Technology', 40, 'Unreachable'),
       (7, '2019-03-23', 'Batelco', 44, 'Insufficient funds'),
       (10, '2019-03-14', 'Umniah', 35, 'Unreachable'),
       (11, '2019-02-16', 'Umniah', 41, 'Insufficient funds'),
       (12, '2019-03-04', 'Vodafone', 80, 'Unreachable'),
       (13, '2019-02-07', 'Advacomm', 28, 'Insufficient funds'),
       (14, '2019-04-05', 'Zain Saudi Arabia', 31, 'Insufficient funds'),
       (15, '2019-01-10', 'Syriatel', 2, 'Insufficient funds'),
       (16, '2019-03-07', 'Telecom Egypt', 10, 'Insufficient funds'),
       (17, '2019-01-16', 'Syriatel', 59, 'Insufficient funds'),
       (18, '2019-01-28', 'Korek Telecom', 33, 'Unreachable'),
       (19, '2019-03-15', 'Viva', 59, 'Unreachable'),
       (20, '2019-03-23', 'Vodafone Egypt', 69, 'Insufficient funds'),
       (22, '2019-01-07', 'Etisalat Misr', 68, 'Unreachable'),
       (27, '2019-02-13', 'Zain', 46, 'Unreachable'),
       (28, '2019-03-10', 'Etihad Atheeb Telecom', 40, 'Insufficient funds'),
       (30, '2019-02-22', 'Zain', 30, 'Unreachable'),
       (31, '2019-01-15', 'Vodafone', 18, 'Unreachable'),
       (32, '2019-03-12', 'Etihad Atheeb Telecom', 92, 'Unreachable'),
       (33, '2019-03-27', 'Virgin Mobile Saudi Arabia', 64, 'Insufficient funds'),
       (38, '2019-04-02', 'Saudi Telecom Company', 64, 'Insufficient funds'),
       (42, '2019-02-01', 'Vodafone', 3, 'Insufficient funds'),
       (43, '2019-01-31', 'Vodafone', 85, 'Unreachable'),
       (45, '2019-01-26', 'MTN GROUP', 36, 'Unreachable'),
       (48, '2019-02-21', 'Batelco', 60, 'Insufficient funds'),
       (49, '2019-01-28', 'Krishna International', 78, 'Insufficient funds'),
       (51, '2019-02-12', 'Asiacell', 74, 'Unreachable'),
       (54, '2019-01-22', 'Advacomm', 20, 'Unreachable'),
       (55, '2019-03-27', 'Zain', 28, 'Unreachable'),
       (56, '2019-01-05', 'Krishna International', 47, 'Insufficient funds'),
       (57, '2019-02-15', 'Zain Saudi Arabia', 30, 'Insufficient funds'),
       (58, '2019-03-18', 'Vodafone Egypt', 43, 'Insufficient funds'),
       (59, '2019-03-07', 'Zain', 14, 'Unreachable'),
       (60, '2019-02-10', 'Batelco', 3, 'Unreachable'),
       (62, '2019-01-31', 'Vodafone Egypt', 5, 'Unreachable'),
       (65, '2019-02-22', 'Bayanat', 47, 'Unreachable'),
       (66, '2019-03-05', 'Viva', 47, 'Unreachable'),
       (72, '2019-03-11', 'Orange S.A.', 65, 'Unreachable'),
       (76, '2019-03-12', 'Vodafone', 89, 'Insufficient funds'),
       (77, '2019-03-11', 'Vodafone', 43, 'Unreachable'),
       (78, '2019-01-01', 'Zain Saudi Arabia', 59, 'Unreachable'),
       (81, '2019-04-04', 'Ooredoo', 53, 'Insufficient funds'),
       (83, '2019-02-05', 'Telecom Egypt', 16, 'Insufficient funds'),
       (87, '2019-03-27', 'Zain', 16, 'Insufficient funds'),
       (89, '2019-01-15', 'Alpha', 3, 'Insufficient funds'),
       (91, '2019-02-04', 'Saudi Telecom Company', 57, 'Insufficient funds'),
       (92, '2019-03-07', 'Advacomm', 5, 'Unreachable'),
       (93, '2019-03-15', 'Bayanat', 69, 'Unreachable'),
       (95, '2019-01-04', 'Koohiji Group', 61, 'Unreachable'),
       (96, '2019-02-11', 'Zain Saudi Arabia', 25, 'Unreachable'),
       (97, '2019-01-03', 'Syriatel', 69, 'Insufficient funds'),
       (99, '2019-02-15', 'Vodafone', 19, 'Insufficient funds'),
       (100, '2019-01-29', 'Zain Iraq', 17, 'Insufficient funds'),
       (101, '2019-03-12', 'Alpha', 53, 'Insufficient funds'),
       (106, '2019-01-06', 'Viva', 36, 'Unreachable'),
       (107, '2019-01-05', 'Viva', 4, 'Unreachable'),
       (108, '2019-03-01', 'Vodafone', 22, 'Insufficient funds'),
       (109, '2019-01-17', 'Alpha', 23, 'Insufficient funds'),
       (111, '2019-01-13', 'Saudi Telecom Company', 2, 'Insufficient funds'),
       (112, '2019-02-11', 'Site Technology', 69, 'Insufficient funds'),
       (113, '2019-02-14', 'Zain Saudi Arabia', 23, 'Unreachable'),
       (114, '2019-01-13', 'Bayanat', 27, 'Unreachable'),
       (118, '2019-02-22', 'Zain Iraq', 57, 'Insufficient funds'),
       (120, '2019-03-12', 'Vodafone', 25, 'Insufficient funds'),
       (121, '2019-03-31', 'Batelco', 5, 'Unreachable'),
       (122, '2019-03-18', 'Site Technology', 80, 'Insufficient funds'),
       (124, '2019-04-07', 'DU', 68, 'Insufficient funds'),
       (128, '2019-02-20', 'Orange S.A.', 84, 'Insufficient funds'),
       (130, '2019-01-08', 'Turk Telecom', 2, 'Insufficient funds'),
       (131, '2019-02-01', 'Batelco', 17, 'Insufficient funds'),
       (135, '2019-04-01', 'Vodafone', 85, 'Unreachable'),
       (136, '2019-02-12', 'Syriatel', 20, 'Insufficient funds'),
       (142, '2019-01-30', 'Syriatel', 85, 'Insufficient funds'),
       (145, '2019-02-13', 'Touch', 67, 'Insufficient funds'),
       (153, '2019-01-25', 'Batelco', 78, 'Unreachable'),
       (155, '2019-03-13', 'Virgin Mobile Saudi Arabia', 11, 'Unreachable'),
       (156, '2019-03-26', 'Viva', 28, 'Unreachable'),
       (158, '2019-02-28', 'Advacomm', 1, 'Insufficient funds'),
       (162, '2019-03-12', 'Mobily', 13, 'Unreachable'),
       (164, '2019-01-16', 'Zain Iraq', 59, 'Insufficient funds'),
       (171, '2019-03-20', 'Saudi Telecom Company', 32, 'Unreachable'),
       (172, '2019-01-11', 'Turk Telecom', 65, 'Unreachable'),
       (174, '2019-03-21', 'Krishna International', 11, 'Insufficient funds'),
       (175, '2019-02-17', 'Vodafone Egypt', 5, 'Unreachable'),
       (176, '2019-01-10', 'Turk Telecom', 44, 'Insufficient funds'),
       (178, '2019-01-19', 'Advacomm', 22, 'Unreachable'),
       (181, '2019-01-14', 'Etisalat', 41, 'Insufficient funds'),
       (185, '2019-01-06', 'Etihad Atheeb Telecom', 4, 'Insufficient funds'),
       (186, '2019-01-25', 'Vodafone', 1, 'Insufficient funds'),
       (187, '2019-03-26', 'DU', 46, 'Insufficient funds'),
       (189, '2019-04-01', 'MTN GROUP', 18, 'Unreachable'),
       (190, '2019-02-27', 'Batelco', 8, 'Insufficient funds'),
       (191, '2019-03-20', 'Ooredoo', 55, 'Unreachable'),
       (192, '2019-04-02', 'Virgin Mobile Saudi Arabia', 65, 'Insufficient funds'),
       (193, '2019-02-06', 'Vodafone', 21, 'Insufficient funds'),
       (194, '2019-03-14', 'Ooredoo', 4, 'Unreachable'),
       (195, '2019-03-20', 'Integrated Telecom Company', 21, 'Unreachable'),
       (196, '2019-01-03', 'Batelco', 85, 'Insufficient funds'),
       (197, '2019-02-18', 'Umniah', 15, 'Unreachable'),
       (198, '2019-02-08', 'Site Technology', 27, 'Unreachable'),
       (199, '2019-02-02', 'Touch', 1, 'Insufficient funds'),
       (200, '2019-01-01', 'Site Technology', 70, 'Unreachable'),
       (201, '2019-02-08', 'Site Technology', 52, 'Unreachable'),
       (202, '2019-01-29', 'Zain', 5, 'Unreachable'),
       (204, '2019-01-03', 'Etihad Atheeb Telecom', 70, 'Unreachable'),
       (205, '2019-01-13', 'Vodafone', 36, 'Unreachable'),
       (206, '2019-03-01', 'Zain Saudi Arabia', 74, 'Insufficient funds'),
       (208, '2019-02-24', 'Touch', 69, 'Unreachable'),
       (209, '2019-01-22', 'Orange S.A.', 15, 'Insufficient funds'),
       (213, '2019-03-19', 'Vodafone', 60, 'Unreachable'),
       (214, '2019-04-05', 'Etisalat', 47, 'Unreachable'),
       (215, '2019-02-22', 'Integrated Telecom Company', 53, 'Insufficient funds'),
       (216, '2019-04-02', 'Ooredoo', 4, 'Insufficient funds'),
       (217, '2019-02-12', 'Orange S.A.', 9, 'Unreachable'),
       (219, '2019-01-21', 'Zain Iraq', 47, 'Unreachable'),
       (221, '2019-03-22', 'Etisalat Misr', 65, 'Insufficient funds'),
       (226, '2019-03-08', 'MTN GROUP', 10, 'Insufficient funds'),
       (228, '2019-01-20', 'Virgin Mobile Saudi Arabia', 70, 'Insufficient funds'),
       (229, '2019-01-07', 'Bayanat', 40, 'Unreachable'),
       (231, '2019-01-03', 'DU', 61, 'Unreachable'),
       (235, '2019-02-10', 'Zain', 70, 'Insufficient funds'),
       (236, '2019-02-05', 'Alpha', 2, 'Unreachable'),
       (239, '2019-01-02', 'Telecom Egypt', 73, 'Insufficient funds'),
       (240, '2019-01-07', 'DU', 23, 'Unreachable'),
       (242, '2019-02-06', 'Virgin Mobile Saudi Arabia', 70, 'Insufficient funds'),
       (243, '2019-03-09', 'Zain Iraq', 84, 'Insufficient funds'),
       (245, '2019-03-15', 'Orange S.A.', 86, 'Unreachable'),
       (246, '2019-01-26', 'Telecom Egypt', 28, 'Unreachable'),
       (247, '2019-01-27', 'Etisalat', 43, 'Insufficient funds'),
       (248, '2019-04-03', 'Vodafone', 27, 'Unreachable'),
       (249, '2019-01-26', 'Zain Saudi Arabia', 47, 'Insufficient funds'),
       (251, '2019-02-17', 'Orange S.A.', 60, 'Unreachable'),
       (254, '2019-01-15', 'Zain', 16, 'Unreachable'),
       (256, '2019-04-03', 'Koohiji Group', 23, 'Unreachable'),
       (259, '2019-01-05', 'Saudi Telecom Company', 9, 'Unreachable'),
       (267, '2019-02-27', 'Alpha', 40, 'Insufficient funds'),
       (268, '2019-01-10', 'Advacomm', 64, 'Insufficient funds'),
       (274, '2019-03-22', 'Orange S.A.', 40, 'Insufficient funds'),
       (277, '2019-01-29', 'Vodafone Egypt', 23, 'Unreachable'),
       (284, '2019-01-12', 'Viva', 70, 'Insufficient funds'),
       (285, '2019-01-23', 'Etisalat', 5, 'Unreachable'),
       (286, '2019-03-26', 'Vodafone', 3, 'Unreachable'),
       (288, '2019-03-26', 'Orange S.A.', 77, 'Insufficient funds'),
       (289, '2019-01-01', 'Vodafone', 46, 'Unreachable'),
       (290, '2019-01-10', 'Bayanat', 85, 'Unreachable'),
       (293, '2019-01-03', 'Touch', 60, 'Unreachable'),
       (296, '2019-03-27', 'Alpha', 85, 'Unreachable'),
       (299, '2019-02-24', 'Vodafone', 73, 'Insufficient funds'),
       (300, '2019-01-22', 'Telecom Egypt', 2, 'Insufficient funds'),
       (301, '2019-03-06', 'Etisalat Misr', 48, 'Unreachable'),
       (302, '2019-03-06', 'Virgin Mobile Saudi Arabia', 57, 'Unreachable'),
       (303, '2019-01-23', 'Asiacell', 65, 'Insufficient funds'),
       (306, '2019-02-24', 'Touch', 4, 'Insufficient funds'),
       (308, '2019-03-17', 'Alpha', 59, 'Unreachable'),
       (309, '2019-01-11', 'Asiacell', 90, 'Unreachable'),
       (310, '2019-03-23', 'Zain', 5, 'Insufficient funds'),
       (312, '2019-01-28', 'Asiacell', 16, 'Insufficient funds'),
       (313, '2019-03-17', 'Telecom Egypt', 14, 'Unreachable'),
       (314, '2019-02-08', 'Batelco', 17, 'Insufficient funds'),
       (316, '2019-03-22', 'Zain', 46, 'Insufficient funds'),
       (317, '2019-04-06', 'DU', 47, 'Insufficient funds'),
       (320, '2019-03-25', 'Batelco', 4, 'Unreachable'),
       (321, '2019-03-26', 'Batelco', 5, 'Unreachable'),
       (322, '2019-02-14', 'Zain Iraq', 86, 'Insufficient funds'),
       (323, '2019-01-10', 'Viva', 61, 'Unreachable'),
       (328, '2019-02-08', 'Batelco', 11, 'Insufficient funds'),
       (333, '2019-02-16', 'Mobily', 31, 'Insufficient funds'),
       (334, '2019-01-27', 'Etisalat Misr', 11, 'Insufficient funds'),
       (335, '2019-01-22', 'Etihad Atheeb Telecom', 31, 'Unreachable'),
       (336, '2019-01-30', 'Ooredoo', 70, 'Insufficient funds'),
       (338, '2019-02-14', 'Etihad Atheeb Telecom', 59, 'Unreachable'),
       (339, '2019-01-07', 'Alpha', 46, 'Unreachable'),
       (341, '2019-02-03', 'Alpha', 27, 'Unreachable'),
       (342, '2019-03-29', 'Koohiji Group', 10, 'Unreachable'),
       (343, '2019-02-08', 'Batelco', 84, 'Insufficient funds'),
       (344, '2019-03-08', 'Batelco', 9, 'Unreachable'),
       (346, '2019-01-03', 'Batelco', 26, 'Unreachable'),
       (347, '2019-01-20', 'Bayanat', 19, 'Unreachable'),
       (348, '2019-03-16', 'Umniah', 22, 'Unreachable'),
       (352, '2019-03-10', 'Krishna International', 48, 'Insufficient funds'),
       (353, '2019-01-10', 'Krishna International', 20, 'Insufficient funds'),
       (354, '2019-02-06', 'Zain Iraq', 77, 'Unreachable'),
       (357, '2019-02-20', 'Virgin Mobile Saudi Arabia', 27, 'Insufficient funds'),
       (358, '2019-03-14', 'Advacomm', 61, 'Insufficient funds'),
       (359, '2019-02-20', 'Integrated Telecom Company', 68, 'Insufficient funds'),
       (364, '2019-01-16', 'Virgin Mobile Saudi Arabia', 64, 'Unreachable'),
       (366, '2019-03-09', 'DU', 32, 'Insufficient funds'),
       (368, '2019-01-26', 'Etisalat', 69, 'Insufficient funds'),
       (370, '2019-02-03', 'Batelco', 15, 'Unreachable'),
       (372, '2019-02-16', 'Zain', 26, 'Unreachable'),
       (375, '2019-03-18', 'Zain', 35, 'Unreachable'),
       (377, '2019-01-15', 'MTN GROUP', 36, 'Insufficient funds'),
       (378, '2019-01-24', 'Batelco', 80, 'Unreachable'),
       (379, '2019-01-09', 'Orange S.A.', 85, 'Insufficient funds'),
       (382, '2019-01-23', 'Umniah', 20, 'Insufficient funds'),
       (383, '2019-01-07', 'Asiacell', 17, 'Unreachable'),
       (386, '2019-03-19', 'Etisalat', 11, 'Insufficient funds'),
       (387, '2019-01-25', 'Etisalat Misr', 46, 'Insufficient funds'),
       (389, '2019-03-04', 'Site Technology', 9, 'Unreachable'),
       (390, '2019-02-13', 'Turkcell', 5, 'Unreachable'),
       (393, '2019-04-07', 'Saudi Telecom Company', 44, 'Unreachable'),
       (394, '2019-01-26', 'Batelco', 1, 'Insufficient funds'),
       (395, '2019-03-31', 'Korek Telecom', 86, 'Insufficient funds'),
       (396, '2019-03-10', 'Zain Iraq', 56, 'Unreachable'),
       (403, '2019-01-02', 'Turk Telecom', 23, 'Unreachable'),
       (405, '2019-02-08', 'Viva', 43, 'Unreachable'),
       (415, '2019-02-05', 'Vodafone Egypt', 57, 'Unreachable'),
       (417, '2019-03-02', 'Batelco', 60, 'Insufficient funds'),
       (420, '2019-01-10', 'Orange S.A.', 20, 'Insufficient funds'),
       (422, '2019-02-19', 'Turkcell', 90, 'Insufficient funds'),
       (424, '2019-01-08', 'Etisalat', 89, 'Unreachable'),
       (425, '2019-03-12', 'Advacomm', 35, 'Insufficient funds'),
       (426, '2019-04-07', 'Korek Telecom', 89, 'Unreachable'),
       (427, '2019-03-20', 'Bayanat', 20, 'Insufficient funds'),
       (429, '2019-03-12', 'Batelco', 5, 'Unreachable'),
       (430, '2019-02-11', 'Alpha', 57, 'Insufficient funds'),
       (432, '2019-03-05', 'Saudi Telecom Company', 48, 'Unreachable'),
       (434, '2019-03-10', 'Zain Iraq', 92, 'Unreachable'),
       (435, '2019-02-23', 'Saudi Telecom Company', 89, 'Unreachable'),
       (436, '2019-03-07', 'Etisalat', 15, 'Insufficient funds'),
       (440, '2019-01-04', 'Batelco', 56, 'Unreachable'),
       (441, '2019-01-25', 'Zain Saudi Arabia', 28, 'Insufficient funds'),
       (444, '2019-04-01', 'DU', 14, 'Unreachable'),
       (449, '2019-01-26', 'Viva', 8, 'Insufficient funds'),
       (454, '2019-02-22', 'Orange S.A.', 36, 'Unreachable'),
       (455, '2019-03-03', 'Zain', 25, 'Insufficient funds'),
       (456, '2019-03-09', 'Vodafone', 15, 'Insufficient funds'),
       (458, '2019-02-10', 'Asiacell', 19, 'Insufficient funds'),
       (459, '2019-03-24', 'Viva', 27, 'Unreachable'),
       (460, '2019-02-16', 'Saudi Telecom Company', 15, 'Insufficient funds'),
       (462, '2019-02-23', 'Virgin Mobile Saudi Arabia', 67, 'Unreachable'),
       (463, '2019-04-01', 'Zain Saudi Arabia', 7, 'Unreachable'),
       (464, '2019-01-09', 'Etihad Atheeb Telecom', 55, 'Insufficient funds'),
       (465, '2019-02-05', 'Saudi Telecom Company', 25, 'Insufficient funds'),
       (466, '2019-02-08', 'Krishna International', 77, 'Unreachable'),
       (468, '2019-01-31', 'Zain', 64, 'Unreachable'),
       (471, '2019-01-10', 'Zain', 84, 'Insufficient funds'),
       (472, '2019-02-23', 'Korek Telecom', 78, 'Unreachable'),
       (473, '2019-04-07', 'Asiacell', 21, 'Unreachable'),
       (475, '2019-01-24', 'Touch', 68, 'Unreachable'),
       (477, '2019-01-01', 'Zain', 8, 'Insufficient funds'),
       (478, '2019-01-26', 'Viva', 27, 'Unreachable'),
       (481, '2019-02-28', 'MTN GROUP', 30, 'Unreachable'),
       (482, '2019-03-08', 'Integrated Telecom Company', 1, 'Insufficient funds'),
       (484, '2019-03-27', 'Zain', 53, 'Unreachable'),
       (488, '2019-04-01', 'Batelco', 47, 'Insufficient funds'),
       (490, '2019-03-07', 'Advacomm', 73, 'Insufficient funds'),
       (493, '2019-01-04', 'Orange S.A.', 16, 'Insufficient funds'),
       (497, '2019-01-05', 'Mobily', 30, 'Unreachable'),
       (501, '2019-02-04', 'Asiacell', 40, 'Insufficient funds'),
       (502, '2019-01-08', 'Bayanat', 67, 'Unreachable'),
       (503, '2019-02-21', 'Etihad Atheeb Telecom', 48, 'Unreachable'),
       (505, '2019-02-10', 'Turk Telecom', 2, 'Unreachable'),
       (510, '2019-03-14', 'Umniah', 59, 'Insufficient funds'),
       (511, '2019-04-02', 'Vodafone', 15, 'Unreachable'),
       (512, '2019-02-17', 'Batelco', 53, 'Insufficient funds'),
       (514, '2019-02-20', 'Turk Telecom', 92, 'Insufficient funds'),
       (515, '2019-01-17', 'Asiacell', 41, 'Insufficient funds'),
       (516, '2019-01-19', 'Asiacell', 9, 'Unreachable'),
       (517, '2019-01-29', 'Turkcell', 48, 'Unreachable'),
       (518, '2019-03-10', 'Etisalat Misr', 17, 'Unreachable'),
       (521, '2019-01-31', 'Vodafone Egypt', 80, 'Insufficient funds'),
       (522, '2019-01-18', 'DU', 22, 'Insufficient funds'),
       (524, '2019-03-15', 'Turkcell', 10, 'Unreachable'),
       (527, '2019-03-22', 'Viva', 8, 'Insufficient funds'),
       (528, '2019-01-19', 'Zain', 46, 'Unreachable'),
       (529, '2019-01-27', 'Orange S.A.', 70, 'Unreachable'),
       (530, '2019-03-30', 'Saudi Telecom Company', 52, 'Insufficient funds'),
       (531, '2019-01-13', 'Integrated Telecom Company', 5, 'Insufficient funds'),
       (532, '2019-03-05', 'Batelco', 41, 'Insufficient funds'),
       (534, '2019-03-12', 'Orange S.A.', 7, 'Insufficient funds'),
       (535, '2019-03-17', 'Vodafone', 74, 'Unreachable'),
       (536, '2019-03-10', 'Integrated Telecom Company', 92, 'Unreachable'),
       (537, '2019-03-27', 'Orange S.A.', 64, 'Unreachable'),
       (538, '2019-02-04', 'Site Technology', 21, 'Insufficient funds'),
       (539, '2019-01-08', 'Zain', 65, 'Unreachable'),
       (540, '2019-01-23', 'Batelco', 86, 'Unreachable'),
       (541, '2019-02-03', 'Bayanat', 48, 'Insufficient funds'),
       (543, '2019-02-12', 'Zain', 41, 'Unreachable'),
       (544, '2019-03-22', 'Batelco', 28, 'Unreachable'),
       (549, '2019-04-05', 'Vodafone', 67, 'Unreachable'),
       (551, '2019-02-26', 'Syriatel', 15, 'Unreachable'),
       (552, '2019-03-07', 'Saudi Telecom Company', 13, 'Unreachable'),
       (554, '2019-01-20', 'Vodafone', 69, 'Insufficient funds'),
       (556, '2019-02-14', 'Etisalat', 4, 'Insufficient funds'),
       (557, '2019-01-05', 'Orange S.A.', 31, 'Unreachable'),
       (558, '2019-02-02', 'Batelco', 43, 'Unreachable'),
       (561, '2019-01-17', 'Orange S.A.', 8, 'Unreachable'),
       (562, '2019-02-26', 'Batelco', 55, 'Insufficient funds'),
       (563, '2019-01-11', 'Zain Saudi Arabia', 56, 'Unreachable'),
       (565, '2019-03-11', 'Viva', 59, 'Insufficient funds'),
       (569, '2019-03-26', 'Ooredoo', 57, 'Insufficient funds'),
       (570, '2019-01-24', 'DU', 67, 'Unreachable'),
       (571, '2019-03-23', 'Etisalat Misr', 9, 'Insufficient funds'),
       (572, '2019-01-22', 'Zain', 69, 'Insufficient funds'),
       (574, '2019-03-14', 'Krishna International', 30, 'Unreachable'),
       (578, '2019-03-02', 'Orange S.A.', 89, 'Unreachable'),
       (583, '2019-03-07', 'Site Technology', 68, 'Insufficient funds'),
       (584, '2019-03-18', 'Krishna International', 11, 'Unreachable'),
       (585, '2019-01-13', 'Turk Telecom', 46, 'Unreachable'),
       (587, '2019-04-01', 'Zain Saudi Arabia', 47, 'Unreachable'),
       (590, '2019-01-17', 'DU', 68, 'Unreachable'),
       (593, '2019-03-12', 'Virgin Mobile Saudi Arabia', 5, 'Unreachable'),
       (595, '2019-04-04', 'Batelco', 86, 'Insufficient funds'),
       (597, '2019-04-01', 'Orange S.A.', 86, 'Insufficient funds'),
       (601, '2019-02-09', 'Asiacell', 1, 'Insufficient funds'),
       (603, '2019-03-18', 'Alpha', 16, 'Unreachable'),
       (605, '2019-01-25', 'Etihad Atheeb Telecom', 92, 'Unreachable'),
       (606, '2019-03-20', 'Saudi Telecom Company', 43, 'Insufficient funds'),
       (607, '2019-02-28', 'Batelco', 3, 'Unreachable'),
       (608, '2019-03-07', 'Etisalat', 21, 'Unreachable'),
       (610, '2019-03-05', 'Vodafone', 5, 'Unreachable'),
       (611, '2019-03-09', 'Bayanat', 13, 'Insufficient funds'),
       (612, '2019-01-07', 'Syriatel', 9, 'Unreachable'),
       (613, '2019-04-03', 'Alpha', 90, 'Unreachable'),
       (615, '2019-02-09', 'Site Technology', 5, 'Unreachable'),
       (619, '2019-03-10', 'Asiacell', 4, 'Unreachable'),
       (620, '2019-03-27', 'Viva', 14, 'Unreachable'),
       (621, '2019-02-24', 'Batelco', 3, 'Unreachable'),
       (624, '2019-01-29', 'MTN GROUP', 53, 'Unreachable'),
       (626, '2019-03-18', 'Turkcell', 1, 'Insufficient funds'),
       (627, '2019-03-31', 'Orange S.A.', 77, 'Insufficient funds'),
       (628, '2019-02-13', 'Viva', 48, 'Unreachable'),
       (629, '2019-03-07', 'Viva', 67, 'Insufficient funds'),
       (631, '2019-01-28', 'Touch', 9, 'Unreachable'),
       (633, '2019-01-10', 'Vodafone', 10, 'Unreachable'),
       (637, '2019-03-29', 'Umniah', 89, 'Insufficient funds'),
       (638, '2019-03-20', 'Alpha', 2, 'Unreachable'),
       (640, '2019-02-10', 'Turkcell', 1, 'Unreachable'),
       (641, '2019-01-09', 'Etihad Atheeb Telecom', 43, 'Unreachable'),
       (643, '2019-01-16', 'Turkcell', 68, 'Insufficient funds'),
       (644, '2019-03-26', 'Batelco', 10, 'Unreachable'),
       (645, '2019-02-22', 'Virgin Mobile Saudi Arabia', 13, 'Insufficient funds'),
       (647, '2019-03-04', 'Batelco', 18, 'Insufficient funds'),
       (648, '2019-01-05', 'Batelco', 46, 'Insufficient funds'),
       (649, '2019-01-01', 'Ooredoo', 77, 'Insufficient funds'),
       (650, '2019-03-25', 'MTN GROUP', 67, 'Insufficient funds'),
       (651, '2019-02-03', 'Ooredoo', 46, 'Unreachable'),
       (655, '2019-03-30', 'Etihad Atheeb Telecom', 23, 'Insufficient funds'),
       (656, '2019-01-27', 'Batelco', 16, 'Unreachable'),
       (657, '2019-03-23', 'Advacomm', 11, 'Insufficient funds'),
       (658, '2019-01-05', 'Batelco', 23, 'Unreachable'),
       (659, '2019-02-19', 'Batelco', 61, 'Unreachable'),
       (660, '2019-02-07', 'Telecom Egypt', 57, 'Insufficient funds'),
       (661, '2019-02-01', 'Asiacell', 25, 'Insufficient funds'),
       (662, '2019-03-22', 'Vodafone', 70, 'Insufficient funds'),
       (663, '2019-03-26', 'Orange S.A.', 85, 'Insufficient funds'),
       (664, '2019-01-10', 'Viva', 15, 'Unreachable'),
       (665, '2019-01-13', 'Virgin Mobile Saudi Arabia', 44, 'Insufficient funds'),
       (666, '2019-02-24', 'Virgin Mobile Saudi Arabia', 1, 'Insufficient funds'),
       (667, '2019-04-05', 'Vodafone', 22, 'Insufficient funds'),
       (669, '2019-04-03', 'Etihad Atheeb Telecom', 92, 'Insufficient funds'),
       (671, '2019-03-03', 'Orange S.A.', 32, 'Insufficient funds'),
       (672, '2019-01-10', 'Alpha', 70, 'Insufficient funds'),
       (674, '2019-01-23', 'Korek Telecom', 26, 'Unreachable'),
       (677, '2019-02-23', 'Krishna International', 60, 'Unreachable'),
       (678, '2019-03-15', 'Integrated Telecom Company', 61, 'Insufficient funds'),
       (679, '2019-04-03', 'DU', 1, 'Unreachable'),
       (680, '2019-03-07', 'Koohiji Group', 86, 'Unreachable'),
       (682, '2019-01-21', 'Zain Iraq', 36, 'Unreachable'),
       (683, '2019-03-21', 'Batelco', 59, 'Unreachable'),
       (684, '2019-03-03', 'Bayanat', 67, 'Unreachable'),
       (687, '2019-03-08', 'Syriatel', 73, 'Unreachable'),
       (688, '2019-03-09', 'Zain', 27, 'Insufficient funds'),
       (689, '2019-03-26', 'Asiacell', 48, 'Insufficient funds'),
       (691, '2019-03-29', 'Saudi Telecom Company', 77, 'Insufficient funds'),
       (692, '2019-02-02', 'Viva', 74, 'Insufficient funds'),
       (694, '2019-03-25', 'Orange S.A.', 19, 'Insufficient funds'),
       (696, '2019-01-14', 'Viva', 44, 'Unreachable'),
       (698, '2019-01-11', 'Umniah', 36, 'Unreachable'),
       (700, '2019-02-26', 'Zain', 48, 'Unreachable'),
       (701, '2019-01-09', 'Site Technology', 8, 'Unreachable'),
       (702, '2019-04-04', 'Bayanat', 40, 'Unreachable'),
       (704, '2019-01-01', 'Virgin Mobile Saudi Arabia', 36, 'Unreachable'),
       (705, '2019-03-28', 'Krishna International', 41, 'Unreachable'),
       (706, '2019-01-15', 'Etisalat Misr', 30, 'Unreachable'),
       (709, '2019-02-17', 'Site Technology', 69, 'Unreachable'),
       (710, '2019-03-30', 'Zain', 57, 'Unreachable'),
       (711, '2019-01-11', 'Zain Iraq', 27, 'Insufficient funds'),
       (712, '2019-01-26', 'Viva', 92, 'Insufficient funds'),
       (713, '2019-03-24', 'Umniah', 22, 'Unreachable'),
       (717, '2019-03-07', 'Batelco', 28, 'Unreachable'),
       (718, '2019-03-13', 'Viva', 73, 'Insufficient funds'),
       (719, '2019-02-21', 'DU', 23, 'Insufficient funds'),
       (721, '2019-03-10', 'Zain', 61, 'Unreachable'),
       (723, '2019-04-07', 'Koohiji Group', 7, 'Unreachable'),
       (724, '2019-01-04', 'Orange S.A.', 4, 'Insufficient funds'),
       (725, '2019-02-10', 'Etisalat', 47, 'Insufficient funds'),
       (726, '2019-02-27', 'Zain Saudi Arabia', 17, 'Unreachable'),
       (727, '2019-02-02', 'Vodafone', 4, 'Unreachable'),
       (729, '2019-01-29', 'Turkcell', 23, 'Unreachable'),
       (730, '2019-04-04', 'Turk Telecom', 1, 'Unreachable'),
       (731, '2019-03-11', 'Viva', 1, 'Unreachable'),
       (732, '2019-02-03', 'Etisalat', 70, 'Insufficient funds'),
       (734, '2019-01-07', 'Korek Telecom', 74, 'Insufficient funds'),
       (739, '2019-01-14', 'Site Technology', 40, 'Unreachable'),
       (740, '2019-02-19', 'Vodafone', 9, 'Insufficient funds'),
       (743, '2019-01-23', 'Integrated Telecom Company', 19, 'Unreachable'),
       (744, '2019-03-07', 'Syriatel', 17, 'Insufficient funds'),
       (745, '2019-01-13', 'Batelco', 3, 'Unreachable'),
       (746, '2019-01-13', 'Etihad Atheeb Telecom', 86, 'Insufficient funds'),
       (747, '2019-01-24', 'DU', 8, 'Insufficient funds'),
       (749, '2019-03-03', 'Zain Iraq', 16, 'Unreachable'),
       (751, '2019-03-17', 'Etisalat', 48, 'Insufficient funds'),
       (752, '2019-01-28', 'Vodafone', 46, 'Insufficient funds'),
       (756, '2019-04-05', 'Touch', 86, 'Unreachable'),
       (758, '2019-01-05', 'Etisalat', 64, 'Insufficient funds'),
       (760, '2019-01-23', 'Bayanat', 85, 'Unreachable'),
       (763, '2019-01-19', 'Krishna International', 69, 'Unreachable'),
       (764, '2019-01-23', 'Batelco', 60, 'Unreachable'),
       (765, '2019-02-24', 'Etisalat', 9, 'Unreachable'),
       (766, '2019-03-16', 'Mobily', 15, 'Unreachable'),
       (767, '2019-03-30', 'Telecom Egypt', 15, 'Insufficient funds'),
       (770, '2019-03-24', 'MTN GROUP', 13, 'Insufficient funds'),
       (771, '2019-01-20', 'Alpha', 84, 'Unreachable'),
       (773, '2019-01-06', 'Vodafone Egypt', 21, 'Insufficient funds'),
       (774, '2019-03-22', 'DU', 85, 'Insufficient funds'),
       (777, '2019-01-21', 'Orange S.A.', 4, 'Unreachable'),
       (783, '2019-03-05', 'Etihad Atheeb Telecom', 10, 'Unreachable'),
       (784, '2019-03-09', 'Zain', 7, 'Insufficient funds'),
       (786, '2019-03-31', 'Batelco', 46, 'Insufficient funds'),
       (787, '2019-03-12', 'Etisalat', 92, 'Insufficient funds'),
       (788, '2019-01-21', 'Turkcell', 9, 'Unreachable'),
       (789, '2019-03-25', 'Viva', 57, 'Unreachable'),
       (792, '2019-03-11', 'Vodafone', 33, 'Unreachable'),
       (793, '2019-03-14', 'Touch', 70, 'Insufficient funds'),
       (795, '2019-03-12', 'Viva', 35, 'Insufficient funds'),
       (797, '2019-03-09', 'Viva', 84, 'Insufficient funds'),
       (798, '2019-03-17', 'Touch', 40, 'Insufficient funds'),
       (799, '2019-01-10', 'Etisalat', 65, 'Insufficient funds'),
       (800, '2019-01-27', 'Batelco', 90, 'Unreachable'),
       (803, '2019-03-06', 'Asiacell', 28, 'Insufficient funds'),
       (804, '2019-04-02', 'Telecom Egypt', 31, 'Unreachable'),
       (806, '2019-02-12', 'Turk Telecom', 77, 'Unreachable'),
       (807, '2019-03-30', 'Viva', 16, 'Unreachable'),
       (808, '2019-02-15', 'Asiacell', 41, 'Unreachable'),
       (810, '2019-02-23', 'Asiacell', 59, 'Insufficient funds'),
       (811, '2019-02-10', 'Etisalat', 2, 'Unreachable'),
       (812, '2019-01-16', 'Mobily', 3, 'Unreachable'),
       (814, '2019-01-10', 'Vodafone', 85, 'Unreachable'),
       (817, '2019-01-23', 'Batelco', 27, 'Insufficient funds'),
       (818, '2019-03-14', 'Turk Telecom', 70, 'Insufficient funds'),
       (819, '2019-02-21', 'Etihad Atheeb Telecom', 19, 'Unreachable'),
       (820, '2019-01-07', 'Etihad Atheeb Telecom', 9, 'Insufficient funds'),
       (821, '2019-03-13', 'Zain Iraq', 44, 'Unreachable'),
       (822, '2019-02-02', 'Site Technology', 23, 'Unreachable'),
       (823, '2019-02-25', 'Zain Saudi Arabia', 21, 'Insufficient funds'),
       (824, '2019-01-17', 'Virgin Mobile Saudi Arabia', 1, 'Insufficient funds'),
       (825, '2019-02-16', 'Saudi Telecom Company', 52, 'Insufficient funds'),
       (830, '2019-03-03', 'Turkcell', 5, 'Unreachable'),
       (831, '2019-02-26', 'Saudi Telecom Company', 48, 'Insufficient funds'),
       (833, '2019-01-10', 'Vodafone Egypt', 3, 'Insufficient funds'),
       (834, '2019-01-26', 'Zain Iraq', 69, 'Unreachable'),
       (835, '2019-02-04', 'Zain', 68, 'Insufficient funds'),
       (836, '2019-01-15', 'Batelco', 48, 'Unreachable'),
       (837, '2019-02-27', 'Vodafone', 56, 'Unreachable'),
       (839, '2019-02-12', 'Mobily', 15, 'Unreachable'),
       (841, '2019-01-30', 'Krishna International', 32, 'Unreachable'),
       (843, '2019-01-04', 'Telecom Egypt', 23, 'Insufficient funds'),
       (844, '2019-03-20', 'Advacomm', 64, 'Unreachable'),
       (846, '2019-03-25', 'Vodafone', 19, 'Insufficient funds'),
       (847, '2019-01-21', 'Mobily', 70, 'Unreachable'),
       (849, '2019-01-18', 'Vodafone Egypt', 31, 'Insufficient funds'),
       (851, '2019-01-18', 'Site Technology', 10, 'Insufficient funds'),
       (852, '2019-01-19', 'Batelco', 13, 'Unreachable'),
       (853, '2019-01-06', 'Zain', 30, 'Insufficient funds'),
       (855, '2019-03-31', 'Korek Telecom', 8, 'Insufficient funds'),
       (859, '2019-01-21', 'Zain', 89, 'Unreachable'),
       (860, '2019-01-21', 'Batelco', 84, 'Unreachable'),
       (863, '2019-01-02', 'Mobily', 73, 'Insufficient funds'),
       (865, '2019-01-07', 'Saudi Telecom Company', 25, 'Insufficient funds'),
       (869, '2019-01-01', 'Asiacell', 61, 'Insufficient funds'),
       (870, '2019-02-16', 'Viva', 86, 'Insufficient funds'),
       (871, '2019-01-13', 'Vodafone', 57, 'Insufficient funds'),
       (872, '2019-01-18', 'Etisalat Misr', 26, 'Unreachable'),
       (873, '2019-02-20', 'Ooredoo', 89, 'Insufficient funds'),
       (874, '2019-01-17', 'Etisalat', 21, 'Insufficient funds'),
       (875, '2019-01-29', 'Turkcell', 61, 'Unreachable'),
       (876, '2019-01-27', 'Vodafone', 59, 'Insufficient funds'),
       (878, '2019-01-22', 'Syriatel', 7, 'Insufficient funds'),
       (880, '2019-03-07', 'Advacomm', 5, 'Unreachable'),
       (881, '2019-03-01', 'Advacomm', 85, 'Unreachable'),
       (884, '2019-04-07', 'Advacomm', 69, 'Unreachable'),
       (885, '2019-02-18', 'Syriatel', 23, 'Insufficient funds'),
       (886, '2019-03-21', 'Turkcell', 73, 'Insufficient funds'),
       (887, '2019-02-27', 'Etisalat Misr', 78, 'Unreachable'),
       (891, '2019-01-18', 'Vodafone', 28, 'Insufficient funds'),
       (894, '2019-03-29', 'Site Technology', 67, 'Insufficient funds'),
       (895, '2019-03-10', 'Viva', 11, 'Insufficient funds'),
       (897, '2019-01-02', 'Saudi Telecom Company', 21, 'Insufficient funds'),
       (898, '2019-02-09', 'Vodafone Egypt', 80, 'Unreachable'),
       (899, '2019-01-19', 'Syriatel', 57, 'Unreachable'),
       (901, '2019-02-27', 'Etisalat', 25, 'Unreachable'),
       (903, '2019-01-28', 'Viva', 18, 'Insufficient funds'),
       (905, '2019-03-23', 'Vodafone', 43, 'Insufficient funds'),
       (906, '2019-01-03', 'DU', 69, 'Insufficient funds'),
       (907, '2019-03-09', 'Turk Telecom', 73, 'Insufficient funds'),
       (909, '2019-02-25', 'Etihad Atheeb Telecom', 78, 'Insufficient funds'),
       (910, '2019-02-10', 'Site Technology', 53, 'Insufficient funds'),
       (912, '2019-01-21', 'Viva', 56, 'Unreachable'),
       (914, '2019-01-23', 'DU', 52, 'Insufficient funds'),
       (915, '2019-02-26', 'Ooredoo', 61, 'Insufficient funds'),
       (916, '2019-01-11', 'MTN GROUP', 27, 'Insufficient funds'),
       (917, '2019-01-24', 'Batelco', 85, 'Unreachable'),
       (918, '2019-01-22', 'Saudi Telecom Company', 36, 'Unreachable'),
       (919, '2019-02-25', 'Bayanat', 69, 'Insufficient funds'),
       (920, '2019-03-24', 'Telecom Egypt', 46, 'Insufficient funds'),
       (921, '2019-03-13', 'Krishna International', 84, 'Unreachable'),
       (922, '2019-01-22', 'Advacomm', 92, 'Unreachable'),
       (923, '2019-03-20', 'Bayanat', 18, 'Insufficient funds'),
       (925, '2019-02-07', 'Orange S.A.', 10, 'Unreachable'),
       (927, '2019-02-22', 'Vodafone', 48, 'Insufficient funds'),
       (928, '2019-03-30', 'Korek Telecom', 78, 'Unreachable'),
       (929, '2019-03-21', 'Vodafone', 9, 'Unreachable'),
       (930, '2019-01-16', 'Viva', 92, 'Insufficient funds'),
       (931, '2019-03-15', 'Viva', 89, 'Insufficient funds'),
       (932, '2019-02-12', 'Batelco', 18, 'Unreachable'),
       (933, '2019-03-31', 'Ooredoo', 68, 'Insufficient funds'),
       (934, '2019-01-25', 'Zain Iraq', 92, 'Insufficient funds'),
       (936, '2019-04-01', 'Mobily', 64, 'Unreachable'),
       (937, '2019-02-28', 'Batelco', 23, 'Unreachable'),
       (938, '2019-02-19', 'Mobily', 16, 'Unreachable'),
       (939, '2019-02-15', 'Ooredoo', 15, 'Insufficient funds'),
       (941, '2019-02-16', 'Mobily', 44, 'Insufficient funds'),
       (943, '2019-02-06', 'Zain', 28, 'Insufficient funds'),
       (946, '2019-03-10', 'Turkcell', 21, 'Unreachable'),
       (947, '2019-01-24', 'Asiacell', 23, 'Unreachable'),
       (948, '2019-02-16', 'Orange S.A.', 22, 'Unreachable'),
       (949, '2019-01-26', 'Krishna International', 90, 'Unreachable'),
       (951, '2019-03-17', 'Viva', 48, 'Insufficient funds'),
       (952, '2019-03-19', 'Mobily', 77, 'Insufficient funds'),
       (953, '2019-01-01', 'Vodafone', 1, 'Unreachable'),
       (954, '2019-01-28', 'Etisalat', 64, 'Insufficient funds'),
       (955, '2019-04-06', 'Etisalat', 74, 'Insufficient funds'),
       (958, '2019-02-21', 'Syriatel', 35, 'Insufficient funds'),
       (959, '2019-03-27', 'Orange S.A.', 35, 'Unreachable'),
       (960, '2019-01-27', 'Etisalat', 14, 'Insufficient funds'),
       (961, '2019-03-24', 'Saudi Telecom Company', 33, 'Insufficient funds'),
       (968, '2019-01-13', 'Viva', 33, 'Insufficient funds'),
       (969, '2019-04-01', 'Orange S.A.', 92, 'Insufficient funds'),
       (970, '2019-01-24', 'Etisalat', 41, 'Unreachable'),
       (972, '2019-03-04', 'Batelco', 56, 'Unreachable'),
       (976, '2019-01-14', 'Virgin Mobile Saudi Arabia', 26, 'Insufficient funds'),
       (977, '2019-04-02', 'Turk Telecom', 89, 'Unreachable'),
       (979, '2019-03-21', 'Koohiji Group', 5, 'Insufficient funds'),
       (980, '2019-01-06', 'MTN GROUP', 23, 'Insufficient funds'),
       (981, '2019-03-16', 'Vodafone', 68, 'Insufficient funds'),
       (984, '2019-02-06', 'Telecom Egypt', 2, 'Unreachable'),
       (987, '2019-01-24', 'Viva', 78, 'Insufficient funds'),
       (988, '2019-01-20', 'Batelco', 61, 'Unreachable'),
       (990, '2019-03-03', 'Mobily', 68, 'Insufficient funds'),
       (994, '2019-02-16', 'Etihad Atheeb Telecom', 90, 'Insufficient funds'),
       (995, '2019-02-09', 'Asiacell', 84, 'Unreachable'),
       (996, '2019-03-06', 'Zain', 60, 'Unreachable'),
       (998, '2019-01-03', 'Batelco', 32, 'Unreachable'),
       (999, '2019-01-23', 'Viva', 53, 'Insufficient funds'),
       (1000, '2019-03-08', 'Turk Telecom', 46, 'Insufficient funds');

/*!40000 ALTER TABLE `optfail`
  ENABLE KEYS */;
UNLOCK TABLES;


# Dump of table optins
# ------------------------------------------------------------

DROP TABLE IF EXISTS `optins`;

CREATE TABLE `optins`
(
  `optin_ID` int(11)     NOT NULL AUTO_INCREMENT,
  `date`     date        NOT NULL,
  `operator` varchar(30) NOT NULL,
  `service`  int(11)     NOT NULL,
  `method`   varchar(50) NOT NULL,
  PRIMARY KEY (`optin_ID`),
  KEY `operator` (`operator`),
  KEY `service` (`service`),
  CONSTRAINT `optins_ibfk_1` FOREIGN KEY (`operator`) REFERENCES `operator` (`operator_name`) ON DELETE CASCADE,
  CONSTRAINT `optins_ibfk_2` FOREIGN KEY (`service`) REFERENCES `service` (`service_ID`) ON DELETE CASCADE
) ENGINE = InnoDB
  DEFAULT CHARSET = latin1;

LOCK TABLES `optins` WRITE;
/*!40000 ALTER TABLE `optins`
  DISABLE KEYS */;

INSERT INTO `optins` (`optin_ID`, `date`, `operator`, `service`, `method`)
VALUES (3, '2019-02-18', 'Batelco', 10, 'SMS'),
       (5, '2019-03-28', 'Batelco', 26, 'SMS'),
       (6, '2019-02-20', 'Site Technology', 90, 'Call'),
       (10, '2019-02-18', 'Umniah', 55, 'Call'),
       (12, '2019-01-26', 'Vodafone', 20, 'Call'),
       (13, '2019-02-08', 'Advacomm', 47, 'Call'),
       (14, '2019-01-18', 'Zain Saudi Arabia', 69, 'SMS'),
       (16, '2019-01-20', 'Telecom Egypt', 64, 'Call'),
       (17, '2019-01-02', 'Syriatel', 77, 'SMS'),
       (18, '2019-01-03', 'Korek Telecom', 57, 'SMS'),
       (19, '2019-03-19', 'Viva', 18, 'Call'),
       (21, '2019-01-27', 'Zain Saudi Arabia', 55, 'SMS'),
       (23, '2019-01-29', 'Korek Telecom', 64, 'Call'),
       (24, '2019-01-09', 'Orange S.A.', 90, 'SMS'),
       (25, '2019-02-11', 'Zain Saudi Arabia', 56, 'SMS'),
       (27, '2019-04-04', 'Zain', 52, 'SMS'),
       (28, '2019-01-01', 'Etihad Atheeb Telecom', 67, 'Call'),
       (30, '2019-03-06', 'Zain', 84, 'Call'),
       (31, '2019-03-14', 'Vodafone', 55, 'SMS'),
       (32, '2019-04-07', 'Etihad Atheeb Telecom', 89, 'SMS'),
       (34, '2019-02-19', 'Telecom Egypt', 26, 'Call'),
       (35, '2019-02-22', 'Bayanat', 7, 'Call'),
       (36, '2019-02-02', 'Turk Telecom', 70, 'Call'),
       (37, '2019-04-02', 'Viva', 48, 'Call'),
       (38, '2019-03-22', 'Saudi Telecom Company', 33, 'SMS'),
       (41, '2019-03-10', 'Batelco', 68, 'Call'),
       (42, '2019-03-13', 'Vodafone', 3, 'SMS'),
       (43, '2019-01-22', 'Vodafone', 73, 'SMS'),
       (48, '2019-02-11', 'Batelco', 17, 'SMS'),
       (49, '2019-01-02', 'Krishna International', 85, 'SMS'),
       (50, '2019-01-07', 'Vodafone', 11, 'Call'),
       (51, '2019-01-07', 'Asiacell', 32, 'Call'),
       (52, '2019-03-13', 'Etisalat', 59, 'Call'),
       (54, '2019-04-03', 'Advacomm', 35, 'SMS'),
       (55, '2019-01-27', 'Zain', 33, 'Call'),
       (56, '2019-01-11', 'Krishna International', 14, 'Call'),
       (57, '2019-02-16', 'Zain Saudi Arabia', 3, 'Call'),
       (58, '2019-01-25', 'Vodafone Egypt', 5, 'Call'),
       (59, '2019-04-04', 'Zain', 48, 'Call'),
       (60, '2019-02-09', 'Batelco', 46, 'SMS'),
       (62, '2019-02-26', 'Vodafone Egypt', 8, 'Call'),
       (65, '2019-02-02', 'Bayanat', 40, 'Call'),
       (66, '2019-03-16', 'Viva', 17, 'Call'),
       (67, '2019-03-11', 'Krishna International', 14, 'Call'),
       (68, '2019-03-12', 'Zain', 3, 'Call'),
       (73, '2019-03-28', 'DU', 21, 'SMS'),
       (76, '2019-03-23', 'Vodafone', 15, 'Call'),
       (77, '2019-03-01', 'Vodafone', 78, 'SMS'),
       (78, '2019-01-12', 'Zain Saudi Arabia', 1, 'SMS'),
       (79, '2019-03-18', 'Zain', 53, 'Call'),
       (80, '2019-03-28', 'Bayanat', 84, 'Call'),
       (83, '2019-02-27', 'Telecom Egypt', 48, 'Call'),
       (84, '2019-01-13', 'Krishna International', 86, 'SMS'),
       (87, '2019-01-14', 'Zain', 43, 'SMS'),
       (90, '2019-03-16', 'Vodafone', 13, 'Call'),
       (95, '2019-04-05', 'Koohiji Group', 16, 'SMS'),
       (96, '2019-02-20', 'Zain Saudi Arabia', 57, 'SMS'),
       (97, '2019-01-16', 'Syriatel', 23, 'Call'),
       (99, '2019-02-23', 'Vodafone', 85, 'Call'),
       (100, '2019-02-04', 'Zain Iraq', 16, 'SMS'),
       (101, '2019-02-14', 'Alpha', 19, 'SMS'),
       (106, '2019-02-26', 'Viva', 80, 'SMS'),
       (107, '2019-01-22', 'Viva', 44, 'Call'),
       (108, '2019-01-29', 'Vodafone', 11, 'SMS'),
       (113, '2019-04-05', 'Zain Saudi Arabia', 59, 'Call'),
       (114, '2019-03-30', 'Bayanat', 16, 'SMS'),
       (115, '2019-01-13', 'Krishna International', 90, 'SMS'),
       (116, '2019-02-26', 'Vodafone', 53, 'SMS'),
       (118, '2019-01-20', 'Zain Iraq', 27, 'SMS'),
       (120, '2019-02-01', 'Vodafone', 52, 'SMS'),
       (121, '2019-04-04', 'Batelco', 68, 'Call'),
       (123, '2019-04-05', 'Umniah', 13, 'Call'),
       (124, '2019-02-20', 'DU', 47, 'Call'),
       (125, '2019-03-05', 'Mobily', 44, 'SMS'),
       (126, '2019-02-05', 'MTN GROUP', 14, 'Call'),
       (127, '2019-02-20', 'Turk Telecom', 55, 'SMS'),
       (128, '2019-03-19', 'Orange S.A.', 59, 'Call'),
       (129, '2019-02-08', 'Korek Telecom', 18, 'SMS'),
       (131, '2019-03-30', 'Batelco', 67, 'Call'),
       (132, '2019-02-08', 'Batelco', 55, 'Call'),
       (133, '2019-01-29', 'Batelco', 16, 'SMS'),
       (136, '2019-03-25', 'Syriatel', 40, 'SMS'),
       (137, '2019-01-05', 'Etihad Atheeb Telecom', 26, 'Call'),
       (138, '2019-01-25', 'Korek Telecom', 17, 'SMS'),
       (139, '2019-03-05', 'Asiacell', 20, 'Call'),
       (143, '2019-03-09', 'Touch', 11, 'Call'),
       (144, '2019-01-31', 'Batelco', 41, 'Call'),
       (148, '2019-01-19', 'Krishna International', 18, 'Call'),
       (150, '2019-03-17', 'MTN GROUP', 60, 'SMS'),
       (152, '2019-04-02', 'DU', 35, 'SMS'),
       (153, '2019-03-23', 'Batelco', 36, 'SMS'),
       (154, '2019-03-30', 'Batelco', 10, 'SMS'),
       (155, '2019-02-05', 'Virgin Mobile Saudi Arabia', 61, 'Call'),
       (156, '2019-01-13', 'Viva', 55, 'SMS'),
       (157, '2019-01-03', 'Zain Iraq', 44, 'Call'),
       (158, '2019-03-26', 'Advacomm', 41, 'Call'),
       (159, '2019-03-23', 'Ooredoo', 26, 'SMS'),
       (162, '2019-02-03', 'Mobily', 61, 'Call'),
       (166, '2019-03-18', 'Etihad Atheeb Telecom', 67, 'SMS'),
       (168, '2019-03-16', 'Saudi Telecom Company', 59, 'Call'),
       (171, '2019-02-16', 'Saudi Telecom Company', 25, 'Call'),
       (173, '2019-02-22', 'Viva', 3, 'Call'),
       (175, '2019-02-16', 'Vodafone Egypt', 16, 'SMS'),
       (180, '2019-02-23', 'Batelco', 30, 'Call'),
       (181, '2019-04-03', 'Etisalat', 4, 'SMS'),
       (182, '2019-03-13', 'Zain', 46, 'SMS'),
       (183, '2019-04-03', 'Vodafone', 90, 'Call'),
       (184, '2019-03-01', 'Vodafone Egypt', 13, 'SMS'),
       (185, '2019-03-31', 'Etihad Atheeb Telecom', 70, 'Call'),
       (186, '2019-01-29', 'Vodafone', 48, 'Call'),
       (188, '2019-02-09', 'Site Technology', 3, 'SMS'),
       (189, '2019-02-22', 'MTN GROUP', 14, 'SMS'),
       (190, '2019-02-06', 'Batelco', 74, 'Call'),
       (191, '2019-03-19', 'Ooredoo', 28, 'SMS'),
       (192, '2019-01-09', 'Virgin Mobile Saudi Arabia', 64, 'Call'),
       (193, '2019-04-03', 'Vodafone', 84, 'SMS'),
       (194, '2019-01-19', 'Ooredoo', 84, 'Call'),
       (195, '2019-01-23', 'Integrated Telecom Company', 70, 'SMS'),
       (196, '2019-01-10', 'Batelco', 43, 'SMS'),
       (197, '2019-01-19', 'Umniah', 30, 'SMS'),
       (199, '2019-02-04', 'Touch', 46, 'SMS'),
       (201, '2019-02-06', 'Site Technology', 36, 'SMS'),
       (202, '2019-01-15', 'Zain', 22, 'SMS'),
       (204, '2019-02-04', 'Etihad Atheeb Telecom', 7, 'SMS'),
       (206, '2019-03-01', 'Zain Saudi Arabia', 48, 'Call'),
       (209, '2019-04-06', 'Orange S.A.', 48, 'Call'),
       (210, '2019-02-20', 'Vodafone', 9, 'SMS'),
       (211, '2019-01-14', 'Krishna International', 61, 'SMS'),
       (213, '2019-03-01', 'Vodafone', 23, 'SMS'),
       (214, '2019-02-12', 'Etisalat', 65, 'SMS'),
       (215, '2019-01-01', 'Integrated Telecom Company', 59, 'Call'),
       (216, '2019-02-24', 'Ooredoo', 55, 'Call'),
       (217, '2019-03-20', 'Orange S.A.', 26, 'SMS'),
       (219, '2019-04-02', 'Zain Iraq', 41, 'SMS'),
       (220, '2019-03-31', 'Bayanat', 33, 'Call'),
       (221, '2019-01-11', 'Etisalat Misr', 44, 'Call'),
       (222, '2019-03-09', 'Orange S.A.', 4, 'Call'),
       (227, '2019-03-03', 'Viva', 44, 'SMS'),
       (230, '2019-01-28', 'Viva', 22, 'Call'),
       (232, '2019-03-06', 'MTN GROUP', 5, 'SMS'),
       (234, '2019-04-01', 'Site Technology', 9, 'Call'),
       (235, '2019-03-09', 'Zain', 11, 'SMS'),
       (236, '2019-02-25', 'Alpha', 22, 'Call'),
       (238, '2019-02-23', 'Telecom Egypt', 9, 'Call'),
       (239, '2019-03-18', 'Telecom Egypt', 55, 'SMS'),
       (243, '2019-01-24', 'Zain Iraq', 68, 'SMS'),
       (244, '2019-02-25', 'Viva', 65, 'Call'),
       (245, '2019-01-12', 'Orange S.A.', 13, 'Call'),
       (246, '2019-02-03', 'Telecom Egypt', 26, 'Call'),
       (247, '2019-03-02', 'Etisalat', 65, 'Call'),
       (248, '2019-03-14', 'Vodafone', 26, 'Call'),
       (249, '2019-02-23', 'Zain Saudi Arabia', 4, 'SMS'),
       (254, '2019-03-09', 'Zain', 16, 'SMS'),
       (256, '2019-03-15', 'Koohiji Group', 64, 'SMS'),
       (259, '2019-01-05', 'Saudi Telecom Company', 84, 'Call'),
       (260, '2019-03-26', 'Asiacell', 43, 'SMS'),
       (263, '2019-01-25', 'Virgin Mobile Saudi Arabia', 77, 'SMS'),
       (266, '2019-03-23', 'Umniah', 23, 'Call'),
       (267, '2019-03-04', 'Alpha', 9, 'Call'),
       (268, '2019-01-22', 'Advacomm', 68, 'SMS'),
       (271, '2019-03-11', 'Bayanat', 84, 'Call'),
       (272, '2019-03-23', 'Site Technology', 59, 'SMS'),
       (274, '2019-02-20', 'Orange S.A.', 53, 'Call'),
       (275, '2019-01-09', 'Site Technology', 61, 'Call'),
       (277, '2019-02-13', 'Vodafone Egypt', 90, 'SMS'),
       (280, '2019-01-05', 'Vodafone', 32, 'SMS'),
       (283, '2019-01-19', 'Site Technology', 70, 'SMS'),
       (286, '2019-01-25', 'Vodafone', 5, 'Call'),
       (287, '2019-04-05', 'Turkcell', 85, 'Call'),
       (288, '2019-04-06', 'Orange S.A.', 13, 'SMS'),
       (289, '2019-01-19', 'Vodafone', 30, 'SMS'),
       (292, '2019-03-08', 'Orange S.A.', 65, 'Call'),
       (293, '2019-02-17', 'Touch', 47, 'SMS'),
       (295, '2019-03-07', 'Zain Saudi Arabia', 92, 'Call'),
       (297, '2019-02-25', 'Orange S.A.', 53, 'Call'),
       (298, '2019-01-16', 'Krishna International', 64, 'Call'),
       (299, '2019-04-06', 'Vodafone', 67, 'SMS'),
       (300, '2019-03-01', 'Telecom Egypt', 57, 'SMS'),
       (303, '2019-04-02', 'Asiacell', 16, 'Call'),
       (304, '2019-03-28', 'MTN GROUP', 25, 'Call'),
       (305, '2019-02-19', 'Site Technology', 28, 'SMS'),
       (306, '2019-01-18', 'Touch', 52, 'Call'),
       (308, '2019-01-19', 'Alpha', 10, 'Call'),
       (310, '2019-02-02', 'Zain', 11, 'SMS'),
       (312, '2019-01-27', 'Asiacell', 69, 'SMS'),
       (313, '2019-02-18', 'Telecom Egypt', 46, 'Call'),
       (315, '2019-02-22', 'Orange S.A.', 59, 'Call'),
       (316, '2019-02-02', 'Zain', 61, 'SMS'),
       (317, '2019-04-06', 'DU', 10, 'Call'),
       (321, '2019-03-09', 'Batelco', 86, 'SMS'),
       (322, '2019-03-02', 'Zain Iraq', 53, 'SMS'),
       (323, '2019-02-14', 'Viva', 67, 'SMS'),
       (326, '2019-02-01', 'Vodafone', 59, 'SMS'),
       (327, '2019-02-28', 'Virgin Mobile Saudi Arabia', 55, 'SMS'),
       (328, '2019-01-01', 'Batelco', 89, 'SMS'),
       (329, '2019-01-06', 'Orange S.A.', 53, 'Call'),
       (330, '2019-03-19', 'Mobily', 80, 'SMS'),
       (331, '2019-03-02', 'Zain', 78, 'Call'),
       (332, '2019-03-13', 'Etisalat', 68, 'SMS'),
       (334, '2019-01-21', 'Etisalat Misr', 47, 'Call'),
       (336, '2019-01-25', 'Ooredoo', 18, 'SMS'),
       (338, '2019-03-20', 'Etihad Atheeb Telecom', 69, 'Call'),
       (340, '2019-03-16', 'Vodafone', 7, 'SMS'),
       (343, '2019-02-26', 'Batelco', 4, 'Call'),
       (344, '2019-01-05', 'Batelco', 43, 'Call'),
       (346, '2019-03-10', 'Batelco', 26, 'Call'),
       (348, '2019-02-17', 'Umniah', 46, 'SMS'),
       (350, '2019-02-21', 'Orange S.A.', 31, 'Call'),
       (351, '2019-03-23', 'Zain Iraq', 32, 'Call'),
       (352, '2019-02-09', 'Krishna International', 90, 'SMS'),
       (356, '2019-02-05', 'Ooredoo', 59, 'SMS'),
       (357, '2019-02-01', 'Virgin Mobile Saudi Arabia', 28, 'SMS'),
       (359, '2019-03-12', 'Integrated Telecom Company', 11, 'SMS'),
       (362, '2019-03-18', 'Viva', 26, 'SMS'),
       (363, '2019-03-18', 'Batelco', 35, 'SMS'),
       (364, '2019-02-09', 'Virgin Mobile Saudi Arabia', 30, 'SMS'),
       (369, '2019-02-02', 'Batelco', 44, 'Call'),
       (370, '2019-01-24', 'Batelco', 27, 'Call'),
       (371, '2019-02-13', 'Integrated Telecom Company', 11, 'SMS'),
       (372, '2019-04-02', 'Zain', 61, 'Call'),
       (376, '2019-03-26', 'DU', 44, 'SMS'),
       (378, '2019-01-01', 'Batelco', 14, 'Call'),
       (379, '2019-02-22', 'Orange S.A.', 47, 'Call'),
       (382, '2019-01-31', 'Umniah', 56, 'Call'),
       (385, '2019-03-07', 'DU', 26, 'SMS'),
       (388, '2019-01-22', 'Viva', 74, 'Call'),
       (390, '2019-03-16', 'Turkcell', 13, 'SMS'),
       (392, '2019-01-29', 'Vodafone Egypt', 77, 'SMS'),
       (393, '2019-01-15', 'Saudi Telecom Company', 67, 'SMS'),
       (394, '2019-04-04', 'Batelco', 73, 'SMS'),
       (396, '2019-03-15', 'Zain Iraq', 31, 'SMS'),
       (402, '2019-01-09', 'Advacomm', 26, 'Call'),
       (404, '2019-02-09', 'Ooredoo', 23, 'SMS'),
       (405, '2019-02-25', 'Viva', 69, 'Call'),
       (406, '2019-01-31', 'Integrated Telecom Company', 59, 'SMS'),
       (407, '2019-03-18', 'Vodafone', 36, 'SMS'),
       (410, '2019-01-11', 'Viva', 53, 'Call'),
       (414, '2019-02-26', 'Vodafone', 5, 'Call'),
       (415, '2019-03-09', 'Vodafone Egypt', 9, 'Call'),
       (417, '2019-03-10', 'Batelco', 46, 'Call'),
       (419, '2019-03-03', 'Bayanat', 84, 'Call'),
       (421, '2019-03-06', 'Asiacell', 86, 'SMS'),
       (423, '2019-03-25', 'Bayanat', 60, 'SMS'),
       (424, '2019-03-22', 'Etisalat', 20, 'Call'),
       (425, '2019-03-02', 'Advacomm', 43, 'SMS'),
       (426, '2019-02-12', 'Korek Telecom', 33, 'Call'),
       (427, '2019-04-02', 'Bayanat', 70, 'SMS'),
       (429, '2019-02-04', 'Batelco', 60, 'SMS'),
       (430, '2019-01-20', 'Alpha', 59, 'Call'),
       (431, '2019-01-25', 'Etisalat Misr', 86, 'SMS'),
       (432, '2019-02-16', 'Saudi Telecom Company', 8, 'Call'),
       (433, '2019-03-25', 'Etisalat Misr', 4, 'Call'),
       (434, '2019-01-31', 'Zain Iraq', 32, 'SMS'),
       (435, '2019-03-23', 'Saudi Telecom Company', 27, 'Call'),
       (437, '2019-02-26', 'Asiacell', 32, 'SMS'),
       (438, '2019-02-11', 'Zain Iraq', 46, 'SMS'),
       (439, '2019-01-13', 'Virgin Mobile Saudi Arabia', 11, 'SMS'),
       (441, '2019-01-31', 'Zain Saudi Arabia', 22, 'SMS'),
       (443, '2019-02-03', 'Orange S.A.', 30, 'Call'),
       (444, '2019-01-13', 'DU', 56, 'Call'),
       (445, '2019-02-15', 'MTN GROUP', 92, 'Call'),
       (448, '2019-01-03', 'Asiacell', 44, 'Call'),
       (449, '2019-03-14', 'Viva', 53, 'SMS'),
       (453, '2019-02-10', 'Turkcell', 78, 'SMS'),
       (454, '2019-03-05', 'Orange S.A.', 9, 'SMS'),
       (458, '2019-01-09', 'Asiacell', 77, 'Call'),
       (459, '2019-02-18', 'Viva', 2, 'SMS'),
       (460, '2019-02-20', 'Saudi Telecom Company', 57, 'SMS'),
       (461, '2019-01-25', 'Vodafone Egypt', 70, 'Call'),
       (463, '2019-02-22', 'Zain Saudi Arabia', 89, 'SMS'),
       (465, '2019-03-18', 'Saudi Telecom Company', 27, 'Call'),
       (466, '2019-02-22', 'Krishna International', 13, 'SMS'),
       (469, '2019-03-28', 'Etihad Atheeb Telecom', 21, 'SMS'),
       (470, '2019-02-18', 'Vodafone', 68, 'SMS'),
       (471, '2019-03-27', 'Zain', 9, 'Call'),
       (477, '2019-02-15', 'Zain', 17, 'SMS'),
       (482, '2019-01-13', 'Integrated Telecom Company', 27, 'SMS'),
       (483, '2019-03-15', 'Zain', 14, 'SMS'),
       (484, '2019-01-15', 'Zain', 70, 'SMS'),
       (486, '2019-04-05', 'Vodafone Egypt', 70, 'SMS'),
       (490, '2019-03-23', 'Advacomm', 19, 'SMS'),
       (492, '2019-04-01', 'Touch', 80, 'Call'),
       (493, '2019-03-11', 'Orange S.A.', 70, 'Call'),
       (496, '2019-01-30', 'Etisalat', 7, 'Call'),
       (497, '2019-03-05', 'Mobily', 47, 'SMS'),
       (498, '2019-02-20', 'Viva', 90, 'Call'),
       (499, '2019-02-13', 'Turk Telecom', 30, 'SMS'),
       (501, '2019-02-03', 'Asiacell', 35, 'Call'),
       (502, '2019-01-31', 'Bayanat', 10, 'Call'),
       (505, '2019-02-17', 'Turk Telecom', 86, 'Call'),
       (506, '2019-03-10', 'Viva', 35, 'Call'),
       (507, '2019-03-24', 'Touch', 64, 'SMS'),
       (509, '2019-02-22', 'Turk Telecom', 22, 'SMS'),
       (511, '2019-01-14', 'Vodafone', 4, 'Call'),
       (512, '2019-01-14', 'Batelco', 47, 'Call'),
       (513, '2019-01-23', 'Batelco', 7, 'SMS'),
       (517, '2019-02-17', 'Turkcell', 22, 'SMS'),
       (518, '2019-02-20', 'Etisalat Misr', 53, 'SMS'),
       (522, '2019-02-13', 'DU', 47, 'Call'),
       (523, '2019-03-10', 'Syriatel', 23, 'Call'),
       (524, '2019-03-18', 'Turkcell', 8, 'SMS'),
       (525, '2019-01-06', 'Telecom Egypt', 11, 'SMS'),
       (526, '2019-03-25', 'Zain', 22, 'SMS'),
       (528, '2019-03-01', 'Zain', 40, 'Call'),
       (529, '2019-03-04', 'Orange S.A.', 70, 'SMS'),
       (530, '2019-03-15', 'Saudi Telecom Company', 86, 'SMS'),
       (531, '2019-01-01', 'Integrated Telecom Company', 19, 'SMS'),
       (535, '2019-03-25', 'Vodafone', 5, 'SMS'),
       (540, '2019-01-25', 'Batelco', 60, 'Call'),
       (541, '2019-02-12', 'Bayanat', 9, 'Call'),
       (542, '2019-01-20', 'Mobily', 21, 'Call'),
       (543, '2019-01-09', 'Zain', 68, 'Call'),
       (544, '2019-02-05', 'Batelco', 48, 'SMS'),
       (545, '2019-01-19', 'Orange S.A.', 33, 'SMS'),
       (548, '2019-02-05', 'Etihad Atheeb Telecom', 47, 'Call'),
       (549, '2019-02-19', 'Vodafone', 68, 'Call'),
       (551, '2019-03-20', 'Syriatel', 80, 'SMS'),
       (552, '2019-03-20', 'Saudi Telecom Company', 57, 'Call'),
       (554, '2019-03-01', 'Vodafone', 41, 'SMS'),
       (558, '2019-02-14', 'Batelco', 2, 'Call'),
       (559, '2019-03-01', 'Batelco', 16, 'Call'),
       (560, '2019-03-09', 'Etihad Atheeb Telecom', 48, 'SMS'),
       (561, '2019-02-02', 'Orange S.A.', 74, 'Call'),
       (565, '2019-03-22', 'Viva', 17, 'Call'),
       (569, '2019-03-28', 'Ooredoo', 41, 'Call'),
       (571, '2019-01-12', 'Etisalat Misr', 70, 'Call'),
       (573, '2019-01-23', 'Koohiji Group', 56, 'SMS'),
       (575, '2019-03-28', 'Saudi Telecom Company', 19, 'SMS'),
       (576, '2019-02-26', 'Vodafone', 78, 'SMS'),
       (577, '2019-02-27', 'Zain', 4, 'Call'),
       (579, '2019-03-17', 'Zain Saudi Arabia', 23, 'Call'),
       (582, '2019-02-10', 'Krishna International', 56, 'SMS'),
       (584, '2019-02-23', 'Krishna International', 48, 'Call'),
       (585, '2019-03-14', 'Turk Telecom', 60, 'SMS'),
       (586, '2019-04-01', 'Vodafone', 19, 'SMS'),
       (587, '2019-01-08', 'Zain Saudi Arabia', 48, 'Call'),
       (588, '2019-03-19', 'Integrated Telecom Company', 47, 'SMS'),
       (589, '2019-02-19', 'Zain', 78, 'Call'),
       (591, '2019-02-01', 'Vodafone', 8, 'SMS'),
       (596, '2019-02-07', 'Zain Iraq', 27, 'SMS'),
       (597, '2019-03-13', 'Orange S.A.', 55, 'Call'),
       (600, '2019-02-11', 'MTN GROUP', 32, 'Call'),
       (601, '2019-01-28', 'Asiacell', 78, 'SMS'),
       (602, '2019-03-27', 'Zain', 86, 'SMS'),
       (603, '2019-03-06', 'Alpha', 35, 'Call'),
       (604, '2019-01-07', 'Vodafone', 90, 'Call'),
       (609, '2019-03-18', 'Alpha', 17, 'Call'),
       (610, '2019-01-01', 'Vodafone', 30, 'SMS'),
       (611, '2019-01-31', 'Bayanat', 46, 'SMS'),
       (615, '2019-03-22', 'Site Technology', 25, 'Call'),
       (616, '2019-01-28', 'DU', 78, 'SMS'),
       (617, '2019-01-18', 'Touch', 52, 'Call'),
       (618, '2019-02-22', 'Advacomm', 70, 'Call'),
       (619, '2019-02-08', 'Asiacell', 89, 'Call'),
       (620, '2019-02-11', 'Viva', 78, 'Call'),
       (621, '2019-03-07', 'Batelco', 40, 'SMS'),
       (622, '2019-03-24', 'Orange S.A.', 84, 'Call'),
       (623, '2019-02-06', 'Etihad Atheeb Telecom', 92, 'Call'),
       (624, '2019-03-14', 'MTN GROUP', 73, 'Call'),
       (627, '2019-01-01', 'Orange S.A.', 31, 'SMS'),
       (631, '2019-01-18', 'Touch', 15, 'Call'),
       (633, '2019-03-08', 'Vodafone', 33, 'SMS'),
       (634, '2019-01-27', 'Vodafone', 55, 'Call'),
       (636, '2019-03-09', 'Koohiji Group', 33, 'SMS'),
       (638, '2019-02-14', 'Alpha', 43, 'SMS'),
       (640, '2019-03-06', 'Turkcell', 15, 'SMS'),
       (643, '2019-02-14', 'Turkcell', 36, 'SMS'),
       (644, '2019-01-09', 'Batelco', 46, 'Call'),
       (645, '2019-01-17', 'Virgin Mobile Saudi Arabia', 25, 'Call'),
       (648, '2019-03-20', 'Batelco', 22, 'SMS'),
       (650, '2019-03-02', 'MTN GROUP', 89, 'SMS'),
       (651, '2019-01-10', 'Ooredoo', 26, 'Call'),
       (654, '2019-01-13', 'Koohiji Group', 25, 'Call'),
       (655, '2019-03-07', 'Etihad Atheeb Telecom', 14, 'SMS'),
       (657, '2019-02-28', 'Advacomm', 89, 'Call'),
       (658, '2019-02-13', 'Batelco', 78, 'SMS'),
       (659, '2019-02-08', 'Batelco', 10, 'Call'),
       (661, '2019-03-06', 'Asiacell', 4, 'Call'),
       (664, '2019-03-25', 'Viva', 86, 'SMS'),
       (665, '2019-01-05', 'Virgin Mobile Saudi Arabia', 53, 'SMS'),
       (666, '2019-03-10', 'Virgin Mobile Saudi Arabia', 14, 'SMS'),
       (667, '2019-01-30', 'Vodafone', 56, 'Call'),
       (669, '2019-04-04', 'Etihad Atheeb Telecom', 44, 'SMS'),
       (670, '2019-03-31', 'Advacomm', 53, 'Call'),
       (672, '2019-04-01', 'Alpha', 3, 'SMS'),
       (673, '2019-01-01', 'Integrated Telecom Company', 70, 'Call'),
       (677, '2019-03-11', 'Krishna International', 85, 'Call'),
       (679, '2019-02-06', 'DU', 69, 'Call'),
       (682, '2019-02-16', 'Zain Iraq', 74, 'SMS'),
       (683, '2019-04-02', 'Batelco', 74, 'Call'),
       (685, '2019-04-01', 'Syriatel', 53, 'SMS'),
       (686, '2019-02-26', 'Touch', 89, 'Call'),
       (688, '2019-01-18', 'Zain', 78, 'SMS'),
       (690, '2019-02-23', 'Orange S.A.', 67, 'SMS'),
       (692, '2019-03-16', 'Viva', 52, 'SMS'),
       (693, '2019-01-06', 'Syriatel', 47, 'SMS'),
       (694, '2019-04-07', 'Orange S.A.', 21, 'Call'),
       (698, '2019-01-10', 'Umniah', 65, 'SMS'),
       (699, '2019-01-13', 'Vodafone Egypt', 67, 'Call'),
       (700, '2019-03-15', 'Zain', 60, 'Call'),
       (701, '2019-02-13', 'Site Technology', 8, 'SMS'),
       (705, '2019-02-15', 'Krishna International', 36, 'Call'),
       (706, '2019-01-03', 'Etisalat Misr', 15, 'SMS'),
       (708, '2019-03-04', 'Krishna International', 11, 'Call'),
       (709, '2019-02-17', 'Site Technology', 7, 'SMS'),
       (710, '2019-02-03', 'Zain', 52, 'SMS'),
       (711, '2019-02-24', 'Zain Iraq', 92, 'Call'),
       (712, '2019-03-26', 'Viva', 40, 'Call'),
       (713, '2019-02-04', 'Umniah', 16, 'SMS'),
       (714, '2019-02-07', 'Saudi Telecom Company', 8, 'SMS'),
       (716, '2019-02-17', 'Batelco', 3, 'Call'),
       (719, '2019-01-29', 'DU', 64, 'Call'),
       (720, '2019-02-17', 'Krishna International', 1, 'SMS'),
       (723, '2019-02-08', 'Koohiji Group', 25, 'SMS'),
       (724, '2019-01-08', 'Orange S.A.', 40, 'Call'),
       (727, '2019-01-29', 'Vodafone', 31, 'Call'),
       (728, '2019-02-01', 'Etihad Atheeb Telecom', 16, 'SMS'),
       (729, '2019-02-26', 'Turkcell', 53, 'SMS'),
       (730, '2019-01-24', 'Turk Telecom', 44, 'Call'),
       (731, '2019-01-25', 'Viva', 3, 'SMS'),
       (733, '2019-01-01', 'Batelco', 56, 'SMS'),
       (734, '2019-03-27', 'Korek Telecom', 64, 'Call'),
       (738, '2019-01-27', 'Asiacell', 53, 'SMS'),
       (739, '2019-01-08', 'Site Technology', 28, 'SMS'),
       (745, '2019-01-08', 'Batelco', 55, 'Call'),
       (747, '2019-03-30', 'DU', 5, 'SMS'),
       (749, '2019-02-07', 'Zain Iraq', 11, 'SMS'),
       (750, '2019-01-02', 'Korek Telecom', 48, 'SMS'),
       (751, '2019-01-16', 'Etisalat', 18, 'Call'),
       (752, '2019-04-06', 'Vodafone', 46, 'SMS'),
       (753, '2019-01-06', 'Touch', 46, 'SMS'),
       (755, '2019-02-22', 'Zain', 60, 'SMS'),
       (756, '2019-03-15', 'Touch', 48, 'Call'),
       (758, '2019-01-03', 'Etisalat', 90, 'SMS'),
       (760, '2019-02-04', 'Bayanat', 28, 'Call'),
       (763, '2019-02-08', 'Krishna International', 92, 'SMS'),
       (764, '2019-01-03', 'Batelco', 18, 'Call'),
       (767, '2019-03-17', 'Telecom Egypt', 2, 'SMS'),
       (770, '2019-01-18', 'MTN GROUP', 61, 'SMS'),
       (771, '2019-02-13', 'Alpha', 40, 'Call'),
       (772, '2019-02-28', 'MTN GROUP', 86, 'Call'),
       (773, '2019-01-26', 'Vodafone Egypt', 3, 'SMS'),
       (774, '2019-03-25', 'DU', 69, 'SMS'),
       (778, '2019-01-20', 'Zain Iraq', 15, 'Call'),
       (782, '2019-03-15', 'Krishna International', 70, 'Call'),
       (783, '2019-01-11', 'Etihad Atheeb Telecom', 30, 'SMS'),
       (784, '2019-04-03', 'Zain', 16, 'Call'),
       (785, '2019-03-31', 'Advacomm', 68, 'Call'),
       (786, '2019-03-24', 'Batelco', 65, 'Call'),
       (789, '2019-02-11', 'Viva', 36, 'SMS'),
       (790, '2019-02-10', 'Turkcell', 41, 'Call'),
       (792, '2019-02-15', 'Vodafone', 89, 'Call'),
       (793, '2019-03-08', 'Touch', 56, 'SMS'),
       (795, '2019-03-31', 'Viva', 55, 'Call'),
       (796, '2019-03-14', 'Ooredoo', 2, 'Call'),
       (797, '2019-01-17', 'Viva', 27, 'Call'),
       (798, '2019-02-16', 'Touch', 78, 'Call'),
       (801, '2019-03-11', 'Etihad Atheeb Telecom', 27, 'SMS'),
       (803, '2019-03-02', 'Asiacell', 19, 'SMS'),
       (805, '2019-02-22', 'Asiacell', 10, 'Call'),
       (806, '2019-02-28', 'Turk Telecom', 3, 'SMS'),
       (807, '2019-04-01', 'Viva', 53, 'Call'),
       (808, '2019-02-20', 'Asiacell', 73, 'Call'),
       (811, '2019-03-21', 'Etisalat', 7, 'Call'),
       (814, '2019-01-14', 'Vodafone', 13, 'SMS'),
       (816, '2019-01-29', 'Saudi Telecom Company', 20, 'SMS'),
       (817, '2019-02-17', 'Batelco', 74, 'Call'),
       (820, '2019-02-27', 'Etihad Atheeb Telecom', 61, 'SMS'),
       (822, '2019-04-06', 'Site Technology', 40, 'SMS'),
       (823, '2019-01-22', 'Zain Saudi Arabia', 27, 'SMS'),
       (824, '2019-02-10', 'Virgin Mobile Saudi Arabia', 65, 'SMS'),
       (825, '2019-03-22', 'Saudi Telecom Company', 85, 'SMS'),
       (826, '2019-02-16', 'Mobily', 44, 'Call'),
       (829, '2019-02-26', 'Batelco', 73, 'Call'),
       (831, '2019-04-06', 'Saudi Telecom Company', 48, 'SMS'),
       (832, '2019-03-29', 'Koohiji Group', 36, 'SMS'),
       (833, '2019-03-28', 'Vodafone Egypt', 28, 'Call'),
       (834, '2019-02-18', 'Zain Iraq', 41, 'SMS'),
       (835, '2019-01-20', 'Zain', 1, 'SMS'),
       (836, '2019-01-06', 'Batelco', 21, 'Call'),
       (837, '2019-02-19', 'Vodafone', 64, 'Call'),
       (839, '2019-04-05', 'Mobily', 15, 'Call'),
       (840, '2019-03-04', 'Asiacell', 80, 'Call'),
       (841, '2019-02-22', 'Krishna International', 85, 'SMS'),
       (843, '2019-01-11', 'Telecom Egypt', 32, 'SMS'),
       (844, '2019-01-26', 'Advacomm', 74, 'Call'),
       (846, '2019-02-18', 'Vodafone', 78, 'Call'),
       (847, '2019-02-05', 'Mobily', 77, 'Call'),
       (849, '2019-02-03', 'Vodafone Egypt', 59, 'Call'),
       (851, '2019-01-21', 'Site Technology', 31, 'Call'),
       (852, '2019-01-21', 'Batelco', 84, 'Call'),
       (854, '2019-03-26', 'Zain', 61, 'Call'),
       (856, '2019-01-01', 'Zain Iraq', 33, 'Call'),
       (859, '2019-03-03', 'Zain', 25, 'SMS'),
       (862, '2019-01-24', 'Zain', 90, 'Call'),
       (863, '2019-01-01', 'Mobily', 30, 'SMS'),
       (865, '2019-02-14', 'Saudi Telecom Company', 13, 'SMS'),
       (866, '2019-01-31', 'Asiacell', 52, 'Call'),
       (867, '2019-01-15', 'Etisalat', 46, 'SMS'),
       (868, '2019-04-04', 'Orange S.A.', 16, 'Call'),
       (870, '2019-03-05', 'Viva', 73, 'Call'),
       (871, '2019-02-17', 'Vodafone', 41, 'Call'),
       (872, '2019-02-11', 'Etisalat Misr', 32, 'SMS'),
       (874, '2019-01-05', 'Etisalat', 43, 'Call'),
       (875, '2019-01-14', 'Turkcell', 69, 'Call'),
       (878, '2019-03-30', 'Syriatel', 40, 'Call'),
       (879, '2019-03-20', 'Batelco', 18, 'Call'),
       (880, '2019-03-16', 'Advacomm', 30, 'Call'),
       (881, '2019-02-12', 'Advacomm', 36, 'Call'),
       (882, '2019-02-10', 'Etihad Atheeb Telecom', 89, 'SMS'),
       (884, '2019-01-05', 'Advacomm', 69, 'SMS'),
       (885, '2019-03-22', 'Syriatel', 92, 'SMS'),
       (886, '2019-02-01', 'Turkcell', 65, 'SMS'),
       (887, '2019-02-13', 'Etisalat Misr', 69, 'SMS'),
       (888, '2019-03-16', 'Koohiji Group', 43, 'SMS'),
       (889, '2019-02-20', 'Vodafone Egypt', 27, 'SMS'),
       (892, '2019-01-10', 'Batelco', 84, 'Call'),
       (893, '2019-01-27', 'Krishna International', 57, 'Call'),
       (894, '2019-03-14', 'Site Technology', 14, 'Call'),
       (896, '2019-02-07', 'Vodafone', 22, 'SMS'),
       (899, '2019-03-16', 'Syriatel', 22, 'Call'),
       (900, '2019-03-28', 'Etisalat', 9, 'SMS'),
       (901, '2019-01-09', 'Etisalat', 23, 'Call'),
       (903, '2019-03-01', 'Viva', 31, 'SMS'),
       (905, '2019-03-08', 'Vodafone', 44, 'SMS'),
       (906, '2019-01-29', 'DU', 15, 'SMS'),
       (907, '2019-03-16', 'Turk Telecom', 41, 'Call'),
       (908, '2019-01-02', 'Turkcell', 27, 'SMS'),
       (910, '2019-02-14', 'Site Technology', 86, 'Call'),
       (911, '2019-02-13', 'Asiacell', 70, 'SMS'),
       (918, '2019-02-28', 'Saudi Telecom Company', 33, 'SMS'),
       (919, '2019-03-22', 'Bayanat', 89, 'Call'),
       (920, '2019-01-27', 'Telecom Egypt', 77, 'SMS'),
       (921, '2019-02-02', 'Krishna International', 65, 'Call'),
       (922, '2019-01-27', 'Advacomm', 35, 'SMS'),
       (923, '2019-02-21', 'Bayanat', 52, 'SMS'),
       (924, '2019-02-20', 'Batelco', 15, 'SMS'),
       (927, '2019-03-24', 'Vodafone', 28, 'Call'),
       (928, '2019-03-28', 'Korek Telecom', 2, 'Call'),
       (929, '2019-01-04', 'Vodafone', 52, 'Call'),
       (930, '2019-03-10', 'Viva', 23, 'SMS'),
       (931, '2019-02-08', 'Viva', 36, 'Call'),
       (932, '2019-02-05', 'Batelco', 17, 'Call'),
       (933, '2019-04-07', 'Ooredoo', 21, 'SMS'),
       (935, '2019-01-27', 'Batelco', 69, 'SMS'),
       (937, '2019-01-26', 'Batelco', 48, 'Call'),
       (940, '2019-01-29', 'Saudi Telecom Company', 17, 'SMS'),
       (941, '2019-03-27', 'Mobily', 78, 'Call'),
       (945, '2019-02-19', 'Krishna International', 80, 'Call'),
       (947, '2019-01-16', 'Asiacell', 25, 'Call'),
       (950, '2019-03-11', 'Viva', 65, 'Call'),
       (951, '2019-03-07', 'Viva', 23, 'Call'),
       (952, '2019-01-14', 'Mobily', 46, 'SMS'),
       (953, '2019-02-18', 'Vodafone', 78, 'SMS'),
       (954, '2019-01-28', 'Etisalat', 41, 'Call'),
       (957, '2019-03-17', 'Advacomm', 92, 'SMS'),
       (959, '2019-03-04', 'Orange S.A.', 69, 'SMS'),
       (960, '2019-01-18', 'Etisalat', 14, 'SMS'),
       (961, '2019-02-14', 'Saudi Telecom Company', 65, 'Call'),
       (962, '2019-01-08', 'Umniah', 33, 'SMS'),
       (967, '2019-01-28', 'Zain Saudi Arabia', 25, 'Call'),
       (968, '2019-01-07', 'Viva', 68, 'SMS'),
       (969, '2019-03-25', 'Orange S.A.', 46, 'Call'),
       (971, '2019-01-14', 'Virgin Mobile Saudi Arabia', 3, 'Call'),
       (972, '2019-03-01', 'Batelco', 59, 'SMS'),
       (973, '2019-01-16', 'Umniah', 47, 'SMS'),
       (975, '2019-03-01', 'Batelco', 55, 'Call'),
       (978, '2019-01-29', 'Telecom Egypt', 73, 'Call'),
       (980, '2019-01-26', 'MTN GROUP', 90, 'SMS'),
       (982, '2019-03-19', 'DU', 85, 'Call'),
       (983, '2019-01-15', 'Zain', 52, 'SMS'),
       (985, '2019-02-19', 'Batelco', 84, 'SMS'),
       (986, '2019-03-30', 'DU', 52, 'SMS'),
       (987, '2019-03-06', 'Viva', 10, 'SMS'),
       (989, '2019-03-26', 'Turk Telecom', 92, 'Call'),
       (990, '2019-01-27', 'Mobily', 23, 'SMS'),
       (991, '2019-02-25', 'Zain Saudi Arabia', 77, 'Call'),
       (992, '2019-04-04', 'Viva', 30, 'SMS'),
       (994, '2019-01-28', 'Etihad Atheeb Telecom', 89, 'SMS'),
       (995, '2019-01-09', 'Asiacell', 4, 'Call'),
       (996, '2019-02-07', 'Zain', 36, 'Call'),
       (997, '2019-03-10', 'Vodafone', 18, 'Call'),
       (998, '2019-03-13', 'Batelco', 65, 'SMS'),
       (999, '2019-01-07', 'Viva', 90, 'SMS'),
       (1000, '2019-03-31', 'Turk Telecom', 56, 'SMS');

/*!40000 ALTER TABLE `optins`
  ENABLE KEYS */;
UNLOCK TABLES;


# Dump of table optouts
# ------------------------------------------------------------

DROP TABLE IF EXISTS `optouts`;

CREATE TABLE `optouts`
(
  `optout_ID` int(11)     NOT NULL AUTO_INCREMENT,
  `date`      date        NOT NULL,
  `service`   int(11)     NOT NULL,
  `operator`  varchar(30) NOT NULL,
  PRIMARY KEY (`optout_ID`),
  KEY `operator` (`operator`),
  KEY `service` (`service`),
  CONSTRAINT `optouts_ibfk_1` FOREIGN KEY (`operator`) REFERENCES `operator` (`operator_name`) ON DELETE CASCADE,
  CONSTRAINT `optouts_ibfk_2` FOREIGN KEY (`service`) REFERENCES `service` (`service_ID`)
) ENGINE = InnoDB
  DEFAULT CHARSET = latin1;

LOCK TABLES `optouts` WRITE;
/*!40000 ALTER TABLE `optouts`
  DISABLE KEYS */;

INSERT INTO `optouts` (`optout_ID`, `date`, `service`, `operator`)
VALUES (3, '2019-03-26', 85, 'Zain'),
       (4, '2019-03-26', 53, 'Orange S.A.'),
       (6, '2019-02-07', 4, 'Krishna International'),
       (8, '2019-03-08', 27, 'Batelco'),
       (9, '2019-02-05', 80, 'MTN GROUP'),
       (10, '2019-04-07', 57, 'Viva'),
       (13, '2019-04-02', 20, 'Batelco'),
       (14, '2019-03-23', 80, 'Korek Telecom'),
       (15, '2019-01-18', 21, 'Etisalat'),
       (17, '2019-04-04', 33, 'Krishna International'),
       (22, '2019-03-26', 19, 'Zain'),
       (23, '2019-02-19', 41, 'Asiacell'),
       (24, '2019-01-30', 18, 'Zain'),
       (26, '2019-04-06', 35, 'MTN GROUP'),
       (27, '2019-04-04', 60, 'Alpha'),
       (30, '2019-01-30', 28, 'Viva'),
       (31, '2019-02-04', 26, 'Site Technology'),
       (35, '2019-03-24', 32, 'Vodafone Egypt'),
       (36, '2019-01-20', 60, 'Syriatel'),
       (39, '2019-03-10', 5, 'Mobily'),
       (43, '2019-01-26', 43, 'Zain'),
       (45, '2019-01-07', 9, 'Bayanat'),
       (46, '2019-01-02', 11, 'Alpha'),
       (47, '2019-02-01', 73, 'Vodafone'),
       (48, '2019-03-08', 65, 'Turkcell'),
       (49, '2019-03-16', 14, 'Orange S.A.'),
       (50, '2019-01-28', 16, 'Umniah'),
       (51, '2019-01-06', 65, 'Umniah'),
       (52, '2019-02-15', 9, 'DU'),
       (56, '2019-01-23', 90, 'Advacomm'),
       (58, '2019-03-22', 35, 'Orange S.A.'),
       (60, '2019-03-23', 55, 'Korek Telecom'),
       (61, '2019-02-19', 44, 'Batelco'),
       (62, '2019-03-28', 28, 'Zain Iraq'),
       (63, '2019-03-29', 5, 'Advacomm'),
       (65, '2019-01-23', 2, 'Bayanat'),
       (67, '2019-03-16', 3, 'Vodafone Egypt'),
       (68, '2019-01-14', 20, 'Saudi Telecom Company'),
       (70, '2019-02-02', 15, 'Koohiji Group'),
       (73, '2019-01-07', 28, 'Advacomm'),
       (74, '2019-01-19', 30, 'Umniah'),
       (75, '2019-03-01', 78, 'Umniah'),
       (76, '2019-02-26', 33, 'Vodafone'),
       (78, '2019-03-01', 77, 'Vodafone'),
       (79, '2019-02-02', 44, 'Touch'),
       (81, '2019-02-17', 61, 'MTN GROUP'),
       (82, '2019-01-11', 46, 'Syriatel'),
       (83, '2019-03-15', 5, 'Touch'),
       (85, '2019-01-17', 10, 'Turk Telecom'),
       (87, '2019-01-23', 21, 'Vodafone'),
       (90, '2019-02-02', 28, 'MTN GROUP'),
       (92, '2019-02-15', 21, 'Alpha'),
       (94, '2019-03-23', 18, 'Batelco'),
       (96, '2019-02-13', 32, 'Batelco'),
       (97, '2019-02-15', 23, 'Advacomm'),
       (100, '2019-01-20', 7, 'Alpha'),
       (101, '2019-02-28', 57, 'Etihad Atheeb Telecom'),
       (102, '2019-01-25', 59, 'Turk Telecom'),
       (103, '2019-03-29', 78, 'Site Technology'),
       (104, '2019-03-18', 23, 'Krishna International'),
       (105, '2019-02-09', 78, 'Etihad Atheeb Telecom'),
       (109, '2019-03-06', 2, 'Vodafone'),
       (110, '2019-03-29', 22, 'Krishna International'),
       (112, '2019-01-30', 57, 'DU'),
       (114, '2019-01-07', 25, 'Asiacell'),
       (115, '2019-01-10', 55, 'Turk Telecom'),
       (117, '2019-02-27', 68, 'Batelco'),
       (118, '2019-02-01', 25, 'Viva'),
       (119, '2019-02-22', 68, 'Vodafone'),
       (120, '2019-03-31', 10, 'Viva'),
       (121, '2019-02-07', 8, 'Korek Telecom'),
       (122, '2019-03-11', 46, 'DU'),
       (123, '2019-01-21', 30, 'Bayanat'),
       (124, '2019-02-07', 69, 'Zain Iraq'),
       (125, '2019-03-28', 85, 'Mobily'),
       (128, '2019-02-15', 9, 'Touch'),
       (129, '2019-01-24', 22, 'Saudi Telecom Company'),
       (130, '2019-02-21', 74, 'Integrated Telecom Company'),
       (131, '2019-01-24', 5, 'Site Technology'),
       (132, '2019-03-01', 18, 'Zain Saudi Arabia'),
       (133, '2019-03-17', 40, 'Korek Telecom'),
       (134, '2019-03-14', 55, 'Zain Saudi Arabia'),
       (135, '2019-02-13', 48, 'Korek Telecom'),
       (137, '2019-01-28', 33, 'Integrated Telecom Company'),
       (138, '2019-02-26', 30, 'Asiacell'),
       (139, '2019-03-19', 23, 'Virgin Mobile Saudi Arabia'),
       (143, '2019-03-26', 73, 'Batelco'),
       (145, '2019-03-16', 44, 'Zain Iraq'),
       (146, '2019-03-06', 78, 'Batelco'),
       (148, '2019-03-10', 5, 'Orange S.A.'),
       (149, '2019-01-19', 67, 'Turkcell'),
       (150, '2019-03-13', 65, 'Etisalat'),
       (152, '2019-02-28', 41, 'MTN GROUP'),
       (153, '2019-03-05', 35, 'Site Technology'),
       (154, '2019-02-27', 21, 'Korek Telecom'),
       (155, '2019-01-20', 36, 'Etisalat Misr'),
       (156, '2019-01-20', 59, 'Batelco'),
       (159, '2019-04-07', 30, 'Krishna International'),
       (162, '2019-01-29', 48, 'Zain Saudi Arabia'),
       (163, '2019-01-09', 8, 'Integrated Telecom Company'),
       (165, '2019-02-11', 7, 'Mobily'),
       (166, '2019-02-09', 27, 'Zain Iraq'),
       (167, '2019-03-22', 16, 'Korek Telecom'),
       (169, '2019-03-14', 5, 'Zain'),
       (171, '2019-03-04', 61, 'Advacomm'),
       (172, '2019-03-09', 16, 'Site Technology'),
       (173, '2019-03-18', 57, 'Integrated Telecom Company'),
       (174, '2019-04-03', 86, 'Integrated Telecom Company'),
       (175, '2019-02-13', 80, 'Vodafone Egypt'),
       (176, '2019-02-08', 13, 'Touch'),
       (179, '2019-04-01', 57, 'Umniah'),
       (185, '2019-02-20', 41, 'Vodafone Egypt'),
       (186, '2019-02-11', 18, 'Zain Saudi Arabia'),
       (189, '2019-04-05', 53, 'Umniah'),
       (190, '2019-03-30', 78, 'Batelco'),
       (193, '2019-02-19', 40, 'Zain Iraq'),
       (195, '2019-02-21', 23, 'Vodafone Egypt'),
       (196, '2019-01-23', 18, 'Viva'),
       (197, '2019-03-14', 7, 'Etisalat'),
       (198, '2019-01-01', 4, 'Syriatel'),
       (200, '2019-03-01', 73, 'Etisalat Misr'),
       (201, '2019-02-21', 59, 'Etisalat'),
       (202, '2019-04-03', 20, 'Zain Saudi Arabia'),
       (204, '2019-03-05', 67, 'Vodafone'),
       (205, '2019-02-11', 2, 'Asiacell'),
       (206, '2019-02-03', 84, 'Asiacell'),
       (207, '2019-01-24', 1, 'Batelco'),
       (210, '2019-03-08', 28, 'Telecom Egypt'),
       (212, '2019-03-03', 70, 'Etisalat'),
       (213, '2019-03-17', 17, 'Site Technology'),
       (215, '2019-02-26', 56, 'Bayanat'),
       (216, '2019-01-17', 44, 'Virgin Mobile Saudi Arabia'),
       (217, '2019-01-17', 2, 'Vodafone'),
       (220, '2019-03-04', 86, 'Zain Saudi Arabia'),
       (221, '2019-01-30', 22, 'Korek Telecom'),
       (222, '2019-01-02', 4, 'Umniah'),
       (223, '2019-03-13', 43, 'Telecom Egypt'),
       (226, '2019-01-25', 65, 'Site Technology'),
       (227, '2019-01-20', 92, 'Syriatel'),
       (229, '2019-03-23', 4, 'MTN GROUP'),
       (231, '2019-01-05', 7, 'Vodafone'),
       (233, '2019-01-20', 70, 'Vodafone'),
       (235, '2019-02-02', 78, 'MTN GROUP'),
       (238, '2019-03-14', 57, 'Zain'),
       (242, '2019-01-25', 17, 'Site Technology'),
       (243, '2019-02-12', 43, 'Touch'),
       (244, '2019-04-06', 59, 'Viva'),
       (246, '2019-04-05', 11, 'DU'),
       (247, '2019-03-09', 26, 'Orange S.A.'),
       (250, '2019-03-28', 80, 'Turk Telecom'),
       (252, '2019-01-14', 57, 'Batelco'),
       (253, '2019-04-02', 61, 'Etisalat'),
       (254, '2019-03-18', 80, 'Umniah'),
       (256, '2019-02-07', 55, 'Vodafone'),
       (257, '2019-03-07', 13, 'Bayanat'),
       (259, '2019-02-18', 55, 'Alpha'),
       (261, '2019-02-23', 20, 'Koohiji Group'),
       (264, '2019-02-15', 89, 'Alpha'),
       (266, '2019-01-17', 20, 'Virgin Mobile Saudi Arabia'),
       (268, '2019-04-05', 74, 'Krishna International'),
       (270, '2019-04-02', 30, 'MTN GROUP'),
       (271, '2019-01-05', 11, 'Vodafone'),
       (273, '2019-04-06', 86, 'Umniah'),
       (274, '2019-03-03', 90, 'Krishna International'),
       (275, '2019-03-13', 84, 'Koohiji Group'),
       (276, '2019-03-09', 74, 'Krishna International'),
       (277, '2019-02-15', 16, 'Etisalat Misr'),
       (280, '2019-02-13', 61, 'Zain'),
       (281, '2019-02-06', 80, 'Orange S.A.'),
       (284, '2019-03-03', 17, 'Vodafone Egypt'),
       (286, '2019-03-26', 47, 'Mobily'),
       (287, '2019-02-23', 56, 'Etisalat'),
       (290, '2019-03-18', 55, 'Mobily'),
       (291, '2019-02-04', 67, 'Krishna International'),
       (293, '2019-01-29', 15, 'Mobily'),
       (294, '2019-01-18', 10, 'Orange S.A.'),
       (296, '2019-02-14', 18, 'Zain Saudi Arabia'),
       (297, '2019-02-17', 22, 'Zain'),
       (298, '2019-01-20', 46, 'Turkcell'),
       (299, '2019-01-13', 52, 'Zain'),
       (300, '2019-01-31', 65, 'Koohiji Group'),
       (301, '2019-01-16', 92, 'Virgin Mobile Saudi Arabia'),
       (302, '2019-02-18', 61, 'Etisalat Misr'),
       (303, '2019-03-15', 5, 'Koohiji Group'),
       (304, '2019-02-01', 70, 'Alpha'),
       (306, '2019-03-06', 5, 'Vodafone'),
       (307, '2019-01-13', 46, 'Syriatel'),
       (308, '2019-03-13', 84, 'Asiacell'),
       (309, '2019-01-30', 5, 'Batelco'),
       (311, '2019-03-27', 26, 'Vodafone'),
       (312, '2019-02-14', 52, 'Turk Telecom'),
       (313, '2019-03-24', 7, 'Saudi Telecom Company'),
       (314, '2019-02-26', 16, 'Viva'),
       (315, '2019-04-05', 11, 'Viva'),
       (316, '2019-02-21', 61, 'Etisalat Misr'),
       (317, '2019-01-30', 57, 'Etihad Atheeb Telecom'),
       (320, '2019-02-27', 61, 'Batelco'),
       (321, '2019-02-15', 67, 'Etisalat'),
       (322, '2019-03-04', 3, 'Etisalat'),
       (324, '2019-01-22', 47, 'Telecom Egypt'),
       (326, '2019-03-10', 1, 'Krishna International'),
       (327, '2019-01-16', 26, 'Zain'),
       (328, '2019-04-07', 33, 'Krishna International'),
       (330, '2019-03-30', 90, 'Etisalat'),
       (333, '2019-01-12', 48, 'Zain'),
       (336, '2019-01-30', 32, 'Ooredoo'),
       (337, '2019-03-07', 73, 'Zain Iraq'),
       (338, '2019-02-18', 85, 'MTN GROUP'),
       (339, '2019-03-25', 43, 'Integrated Telecom Company'),
       (340, '2019-01-28', 14, 'Zain'),
       (342, '2019-01-08', 73, 'Turk Telecom'),
       (343, '2019-02-23', 59, 'Zain'),
       (346, '2019-01-29', 27, 'Zain'),
       (347, '2019-02-02', 55, 'Zain'),
       (348, '2019-03-27', 21, 'Vodafone'),
       (352, '2019-01-11', 25, 'Syriatel'),
       (353, '2019-02-16', 33, 'Ooredoo'),
       (355, '2019-01-13', 67, 'Korek Telecom'),
       (360, '2019-01-19', 36, 'Vodafone'),
       (361, '2019-01-30', 78, 'Etisalat'),
       (362, '2019-01-05', 13, 'Vodafone Egypt'),
       (363, '2019-02-13', 78, 'Virgin Mobile Saudi Arabia'),
       (365, '2019-04-02', 28, 'Korek Telecom'),
       (367, '2019-03-10', 26, 'Vodafone'),
       (369, '2019-04-03', 18, 'Syriatel'),
       (371, '2019-03-14', 23, 'Etisalat'),
       (372, '2019-04-02', 61, 'Korek Telecom'),
       (374, '2019-02-09', 19, 'Vodafone'),
       (375, '2019-01-28', 46, 'Orange S.A.'),
       (378, '2019-03-01', 52, 'Site Technology'),
       (380, '2019-01-08', 57, 'Umniah'),
       (383, '2019-01-25', 20, 'Korek Telecom'),
       (388, '2019-02-13', 20, 'Advacomm'),
       (390, '2019-03-16', 80, 'Bayanat'),
       (397, '2019-02-13', 69, 'Etisalat'),
       (398, '2019-03-13', 5, 'Koohiji Group'),
       (399, '2019-03-15', 65, 'Korek Telecom'),
       (400, '2019-01-02', 92, 'Turk Telecom'),
       (401, '2019-01-24', 21, 'Orange S.A.'),
       (402, '2019-01-14', 56, 'Site Technology'),
       (404, '2019-03-22', 9, 'Turkcell'),
       (405, '2019-01-04', 60, 'Advacomm'),
       (408, '2019-03-20', 61, 'Zain'),
       (412, '2019-03-04', 43, 'Alpha'),
       (413, '2019-04-02', 61, 'Zain'),
       (415, '2019-03-03', 86, 'Orange S.A.'),
       (416, '2019-03-24', 85, 'Vodafone Egypt'),
       (417, '2019-01-08', 27, 'Saudi Telecom Company'),
       (419, '2019-03-01', 30, 'Viva'),
       (420, '2019-03-06', 18, 'Mobily'),
       (422, '2019-01-15', 27, 'DU'),
       (423, '2019-02-24', 84, 'Batelco'),
       (425, '2019-03-18', 15, 'Virgin Mobile Saudi Arabia'),
       (428, '2019-01-25', 13, 'Koohiji Group'),
       (431, '2019-02-23', 17, 'Alpha'),
       (433, '2019-02-03', 60, 'Koohiji Group'),
       (435, '2019-01-03', 10, 'Viva'),
       (436, '2019-03-02', 31, 'Alpha'),
       (438, '2019-03-12', 55, 'Site Technology'),
       (439, '2019-03-16', 59, 'Advacomm'),
       (441, '2019-03-30', 78, 'Koohiji Group'),
       (442, '2019-03-03', 90, 'Syriatel'),
       (444, '2019-02-07', 85, 'Site Technology'),
       (445, '2019-02-12', 78, 'Zain'),
       (447, '2019-01-23', 84, 'Vodafone Egypt'),
       (448, '2019-03-13', 78, 'Vodafone'),
       (449, '2019-02-04', 23, 'Advacomm'),
       (450, '2019-01-26', 67, 'Asiacell'),
       (454, '2019-03-22', 59, 'Etihad Atheeb Telecom'),
       (458, '2019-03-04', 52, 'Zain'),
       (459, '2019-01-14', 64, 'Vodafone'),
       (463, '2019-03-16', 80, 'Syriatel'),
       (468, '2019-02-03', 64, 'Korek Telecom'),
       (470, '2019-02-20', 26, 'Etisalat Misr'),
       (471, '2019-03-04', 3, 'Korek Telecom'),
       (473, '2019-03-04', 4, 'Etisalat'),
       (474, '2019-03-18', 53, 'Zain'),
       (476, '2019-02-15', 11, 'Vodafone'),
       (478, '2019-03-10', 13, 'Etisalat'),
       (479, '2019-02-15', 22, 'Viva'),
       (482, '2019-02-12', 16, 'Koohiji Group'),
       (485, '2019-01-16', 44, 'Viva'),
       (488, '2019-02-01', 26, 'Bayanat'),
       (489, '2019-01-22', 74, 'Viva'),
       (496, '2019-03-21', 7, 'Integrated Telecom Company'),
       (497, '2019-01-02', 2, 'Zain Iraq'),
       (499, '2019-03-03', 84, 'Asiacell'),
       (500, '2019-03-04', 14, 'Turkcell'),
       (501, '2019-01-25', 92, 'Etisalat Misr'),
       (503, '2019-02-14', 61, 'Etisalat Misr'),
       (504, '2019-03-08', 52, 'Etihad Atheeb Telecom'),
       (506, '2019-04-05', 44, 'Turk Telecom'),
       (509, '2019-03-26', 10, 'DU'),
       (510, '2019-02-02', 8, 'Zain Iraq'),
       (512, '2019-03-25', 57, 'Vodafone'),
       (514, '2019-01-22', 92, 'Vodafone'),
       (515, '2019-01-29', 13, 'Batelco'),
       (516, '2019-02-22', 1, 'Viva'),
       (517, '2019-02-09', 85, 'Vodafone Egypt'),
       (519, '2019-02-17', 22, 'Vodafone'),
       (521, '2019-02-27', 30, 'Touch'),
       (524, '2019-03-20', 53, 'Integrated Telecom Company'),
       (525, '2019-02-19', 43, 'Turk Telecom'),
       (527, '2019-01-09', 59, 'Krishna International'),
       (531, '2019-01-23', 89, 'DU'),
       (532, '2019-04-05', 20, 'Viva'),
       (534, '2019-03-11', 65, 'Umniah'),
       (535, '2019-02-03', 23, 'Etisalat'),
       (536, '2019-01-18', 15, 'Turkcell'),
       (539, '2019-04-03', 17, 'Batelco'),
       (545, '2019-03-28', 55, 'Etisalat'),
       (547, '2019-02-09', 85, 'Telecom Egypt'),
       (555, '2019-03-29', 14, 'Zain Saudi Arabia'),
       (557, '2019-01-10', 68, 'Krishna International'),
       (558, '2019-01-23', 77, 'Viva'),
       (559, '2019-02-23', 41, 'Etisalat Misr'),
       (561, '2019-03-11', 11, 'Site Technology'),
       (562, '2019-03-05', 78, 'Zain'),
       (564, '2019-02-24', 28, 'DU'),
       (565, '2019-01-20', 69, 'Ooredoo'),
       (568, '2019-01-15', 55, 'Alpha'),
       (570, '2019-04-05', 7, 'Koohiji Group'),
       (571, '2019-01-08', 20, 'Zain Iraq'),
       (572, '2019-01-27', 18, 'Integrated Telecom Company'),
       (575, '2019-01-25', 26, 'Vodafone'),
       (577, '2019-01-14', 10, 'Site Technology'),
       (580, '2019-03-04', 90, 'Turkcell'),
       (581, '2019-03-10', 85, 'Etisalat'),
       (582, '2019-03-22', 14, 'Alpha'),
       (583, '2019-01-22', 27, 'Syriatel'),
       (584, '2019-03-05', 47, 'Koohiji Group'),
       (586, '2019-01-05', 25, 'Etisalat'),
       (587, '2019-03-24', 92, 'Etisalat'),
       (589, '2019-02-05', 19, 'Touch'),
       (590, '2019-03-06', 44, 'Zain Saudi Arabia'),
       (593, '2019-04-05', 55, 'Virgin Mobile Saudi Arabia'),
       (595, '2019-02-19', 8, 'DU'),
       (597, '2019-01-27', 23, 'Syriatel'),
       (600, '2019-01-16', 18, 'Site Technology'),
       (601, '2019-03-04', 77, 'Batelco'),
       (603, '2019-01-29', 23, 'Alpha'),
       (605, '2019-02-21', 36, 'Bayanat'),
       (606, '2019-02-04', 36, 'Vodafone'),
       (610, '2019-02-16', 5, 'Umniah'),
       (611, '2019-03-28', 28, 'Telecom Egypt'),
       (613, '2019-04-05', 52, 'Advacomm'),
       (614, '2019-01-29', 36, 'Koohiji Group'),
       (615, '2019-01-15', 9, 'Vodafone'),
       (616, '2019-01-24', 36, 'Advacomm'),
       (618, '2019-03-25', 25, 'Batelco'),
       (621, '2019-02-28', 9, 'Orange S.A.'),
       (624, '2019-02-02', 33, 'Vodafone Egypt'),
       (625, '2019-01-01', 13, 'DU'),
       (627, '2019-03-01', 23, 'Telecom Egypt'),
       (628, '2019-04-03', 23, 'Zain'),
       (629, '2019-03-15', 11, 'Viva'),
       (630, '2019-01-29', 9, 'Vodafone'),
       (631, '2019-03-24', 64, 'Zain'),
       (636, '2019-03-17', 9, 'Vodafone'),
       (638, '2019-03-11', 90, 'Advacomm'),
       (639, '2019-01-02', 15, 'Saudi Telecom Company'),
       (642, '2019-03-03', 3, 'Batelco'),
       (647, '2019-01-05', 7, 'Vodafone'),
       (648, '2019-01-02', 90, 'Zain Saudi Arabia'),
       (649, '2019-02-28', 35, 'Bayanat'),
       (652, '2019-01-03', 86, 'Virgin Mobile Saudi Arabia'),
       (653, '2019-03-22', 15, 'Orange S.A.'),
       (654, '2019-01-19', 40, 'Etisalat Misr'),
       (655, '2019-03-19', 86, 'Alpha'),
       (657, '2019-02-24', 92, 'Batelco'),
       (658, '2019-03-04', 7, 'Syriatel'),
       (664, '2019-04-06', 5, 'Bayanat'),
       (665, '2019-01-05', 52, 'Etisalat'),
       (667, '2019-03-18', 92, 'Viva'),
       (668, '2019-02-23', 30, 'Vodafone Egypt'),
       (669, '2019-02-26', 90, 'Batelco'),
       (670, '2019-01-08', 65, 'Turkcell'),
       (674, '2019-01-26', 41, 'Orange S.A.'),
       (676, '2019-01-08', 15, 'Turkcell'),
       (678, '2019-02-12', 52, 'Viva'),
       (679, '2019-03-02', 25, 'Etihad Atheeb Telecom'),
       (681, '2019-03-09', 31, 'Asiacell'),
       (682, '2019-02-03', 92, 'Turkcell'),
       (683, '2019-04-02', 73, 'Krishna International'),
       (684, '2019-01-29', 10, 'Viva'),
       (685, '2019-02-21', 5, 'Batelco'),
       (687, '2019-02-17', 5, 'Etisalat Misr'),
       (689, '2019-02-03', 21, 'Batelco'),
       (690, '2019-03-28', 33, 'Integrated Telecom Company'),
       (691, '2019-01-20', 5, 'Vodafone Egypt'),
       (692, '2019-03-23', 73, 'Turk Telecom'),
       (693, '2019-03-12', 57, 'Batelco'),
       (694, '2019-01-02', 86, 'Korek Telecom'),
       (696, '2019-01-15', 59, 'Etihad Atheeb Telecom'),
       (697, '2019-01-26', 84, 'Etisalat'),
       (700, '2019-01-03', 11, 'Zain'),
       (701, '2019-04-05', 11, 'Etisalat'),
       (704, '2019-03-13', 57, 'Zain Saudi Arabia'),
       (707, '2019-03-17', 89, 'Batelco'),
       (708, '2019-03-29', 57, 'Virgin Mobile Saudi Arabia'),
       (709, '2019-02-08', 4, 'Batelco'),
       (710, '2019-02-06', 26, 'Telecom Egypt'),
       (711, '2019-02-05', 74, 'Advacomm'),
       (712, '2019-03-14', 60, 'DU'),
       (713, '2019-03-19', 89, 'Bayanat'),
       (714, '2019-02-26', 59, 'Syriatel'),
       (715, '2019-02-06', 92, 'MTN GROUP'),
       (716, '2019-02-14', 90, 'Bayanat'),
       (717, '2019-01-19', 70, 'Orange S.A.'),
       (720, '2019-04-05', 73, 'Batelco'),
       (721, '2019-02-04', 2, 'Site Technology'),
       (723, '2019-03-17', 15, 'Krishna International'),
       (724, '2019-03-29', 11, 'Etisalat Misr'),
       (725, '2019-04-02', 47, 'Ooredoo'),
       (726, '2019-02-23', 78, 'Mobily'),
       (727, '2019-01-09', 57, 'Zain'),
       (729, '2019-03-01', 31, 'Syriatel'),
       (730, '2019-03-19', 73, 'Krishna International'),
       (731, '2019-02-26', 36, 'Mobily'),
       (732, '2019-02-17', 73, 'Umniah'),
       (735, '2019-03-14', 61, 'DU'),
       (736, '2019-01-25', 77, 'Viva'),
       (737, '2019-03-21', 3, 'Bayanat'),
       (742, '2019-04-04', 53, 'Batelco'),
       (744, '2019-03-04', 70, 'Vodafone Egypt'),
       (746, '2019-01-18', 92, 'Syriatel'),
       (748, '2019-01-20', 52, 'Vodafone Egypt'),
       (752, '2019-03-15', 53, 'Telecom Egypt'),
       (753, '2019-03-26', 31, 'Virgin Mobile Saudi Arabia'),
       (754, '2019-02-16', 68, 'Koohiji Group'),
       (758, '2019-04-02', 60, 'Turkcell'),
       (759, '2019-01-20', 55, 'Vodafone Egypt'),
       (760, '2019-02-23', 28, 'Alpha'),
       (761, '2019-02-25', 43, 'Telecom Egypt'),
       (762, '2019-01-13', 23, 'Advacomm'),
       (763, '2019-04-05', 48, 'Site Technology'),
       (764, '2019-01-27', 47, 'Turk Telecom'),
       (766, '2019-02-20', 35, 'Site Technology'),
       (767, '2019-03-14', 73, 'Telecom Egypt'),
       (769, '2019-03-19', 48, 'Batelco'),
       (770, '2019-01-19', 4, 'Advacomm'),
       (771, '2019-03-28', 19, 'Etihad Atheeb Telecom'),
       (773, '2019-03-21', 32, 'Vodafone'),
       (774, '2019-03-31', 64, 'Korek Telecom'),
       (775, '2019-02-27', 90, 'Krishna International'),
       (777, '2019-02-15', 30, 'Orange S.A.'),
       (778, '2019-03-02', 86, 'Turkcell'),
       (780, '2019-02-13', 9, 'Saudi Telecom Company'),
       (781, '2019-02-10', 65, 'Krishna International'),
       (782, '2019-03-10', 21, 'Virgin Mobile Saudi Arabia'),
       (784, '2019-03-05', 69, 'Viva'),
       (785, '2019-01-02', 52, 'Etisalat'),
       (786, '2019-02-27', 59, 'Syriatel'),
       (788, '2019-03-04', 52, 'Virgin Mobile Saudi Arabia'),
       (790, '2019-02-17', 30, 'Telecom Egypt'),
       (791, '2019-01-17', 31, 'Turk Telecom'),
       (792, '2019-02-14', 7, 'Syriatel'),
       (793, '2019-02-01', 78, 'Orange S.A.'),
       (794, '2019-03-28', 20, 'Etihad Atheeb Telecom'),
       (795, '2019-03-21', 73, 'Integrated Telecom Company'),
       (797, '2019-01-18', 90, 'Bayanat'),
       (798, '2019-01-29', 90, 'Umniah'),
       (799, '2019-03-25', 59, 'Batelco'),
       (801, '2019-01-22', 73, 'Touch'),
       (802, '2019-02-26', 2, 'Viva'),
       (803, '2019-01-21', 21, 'Etisalat'),
       (804, '2019-04-07', 17, 'Advacomm'),
       (807, '2019-03-15', 4, 'Vodafone'),
       (808, '2019-02-18', 61, 'Viva'),
       (809, '2019-03-06', 57, 'Koohiji Group'),
       (810, '2019-03-14', 64, 'Etisalat'),
       (813, '2019-04-07', 74, 'Krishna International'),
       (815, '2019-02-05', 74, 'Site Technology'),
       (816, '2019-01-07', 68, 'Etisalat Misr'),
       (818, '2019-03-11', 36, 'Etisalat'),
       (819, '2019-02-10', 47, 'Etisalat Misr'),
       (822, '2019-01-03', 22, 'Zain Iraq'),
       (824, '2019-01-06', 36, 'Krishna International'),
       (829, '2019-01-31', 5, 'Alpha'),
       (830, '2019-02-11', 53, 'Zain'),
       (831, '2019-03-31', 80, 'Alpha'),
       (833, '2019-03-25', 2, 'Vodafone Egypt'),
       (834, '2019-02-13', 60, 'Turk Telecom'),
       (836, '2019-03-19', 31, 'Vodafone'),
       (840, '2019-01-30', 8, 'Etisalat Misr'),
       (841, '2019-03-29', 2, 'Advacomm'),
       (842, '2019-03-23', 40, 'Zain'),
       (846, '2019-03-06', 18, 'Viva'),
       (850, '2019-02-26', 46, 'Telecom Egypt'),
       (851, '2019-02-26', 89, 'Virgin Mobile Saudi Arabia'),
       (853, '2019-03-16', 3, 'Etihad Atheeb Telecom'),
       (854, '2019-03-13', 28, 'Turkcell'),
       (857, '2019-01-28', 46, 'Viva'),
       (859, '2019-03-08', 28, 'Vodafone'),
       (860, '2019-03-29', 14, 'Vodafone'),
       (861, '2019-01-07', 92, 'Viva'),
       (863, '2019-02-03', 84, 'Etihad Atheeb Telecom'),
       (864, '2019-03-29', 64, 'Alpha'),
       (865, '2019-03-27', 85, 'Vodafone'),
       (866, '2019-03-10', 70, 'Asiacell'),
       (867, '2019-04-05', 47, 'Asiacell'),
       (868, '2019-03-15', 27, 'Bayanat'),
       (869, '2019-03-01', 2, 'Zain Iraq'),
       (870, '2019-03-28', 56, 'Viva'),
       (872, '2019-03-28', 55, 'Viva'),
       (873, '2019-02-10', 11, 'Vodafone Egypt'),
       (875, '2019-03-29', 35, 'Asiacell'),
       (876, '2019-01-16', 16, 'Orange S.A.'),
       (878, '2019-01-26', 4, 'Turkcell'),
       (879, '2019-01-29', 85, 'Vodafone'),
       (880, '2019-02-22', 52, 'Krishna International'),
       (882, '2019-03-17', 44, 'Bayanat'),
       (883, '2019-01-12', 47, 'Saudi Telecom Company'),
       (884, '2019-01-06', 55, 'Vodafone Egypt'),
       (885, '2019-03-10', 9, 'Etisalat Misr'),
       (886, '2019-01-17', 47, 'Batelco'),
       (889, '2019-03-17', 86, 'Site Technology'),
       (890, '2019-01-21', 25, 'Advacomm'),
       (894, '2019-01-24', 43, 'Advacomm'),
       (895, '2019-01-13', 70, 'Koohiji Group'),
       (896, '2019-04-06', 52, 'Batelco'),
       (898, '2019-02-07', 23, 'Vodafone'),
       (899, '2019-03-15', 85, 'Vodafone'),
       (902, '2019-03-20', 69, 'Zain'),
       (903, '2019-02-25', 92, 'Saudi Telecom Company'),
       (904, '2019-02-24', 17, 'Etisalat'),
       (905, '2019-01-25', 70, 'Viva'),
       (906, '2019-02-11', 28, 'Krishna International'),
       (910, '2019-01-02', 33, 'Zain'),
       (911, '2019-03-13', 21, 'Zain'),
       (913, '2019-02-19', 28, 'Vodafone'),
       (916, '2019-01-28', 1, 'Ooredoo'),
       (917, '2019-01-29', 48, 'Mobily'),
       (919, '2019-01-24', 22, 'Vodafone'),
       (920, '2019-03-30', 92, 'Krishna International'),
       (921, '2019-02-08', 1, 'MTN GROUP'),
       (922, '2019-04-01', 53, 'Viva'),
       (923, '2019-01-01', 86, 'Zain'),
       (925, '2019-03-14', 70, 'Mobily'),
       (926, '2019-04-03', 61, 'Orange S.A.'),
       (927, '2019-01-23', 55, 'Advacomm'),
       (928, '2019-03-19', 31, 'Viva'),
       (929, '2019-03-13', 23, 'Batelco'),
       (931, '2019-03-13', 47, 'Mobily'),
       (933, '2019-01-21', 28, 'Koohiji Group'),
       (934, '2019-01-03', 32, 'Batelco'),
       (935, '2019-01-15', 69, 'Vodafone'),
       (937, '2019-01-24', 64, 'Zain'),
       (939, '2019-01-17', 4, 'Bayanat'),
       (940, '2019-03-04', 3, 'Telecom Egypt'),
       (942, '2019-03-09', 1, 'Turk Telecom'),
       (943, '2019-04-05', 46, 'Zain Iraq'),
       (945, '2019-01-06', 77, 'Orange S.A.'),
       (949, '2019-04-06', 60, 'Zain Iraq'),
       (952, '2019-02-03', 86, 'Vodafone'),
       (954, '2019-03-25', 21, 'Zain'),
       (957, '2019-04-03', 67, 'Asiacell'),
       (958, '2019-03-25', 15, 'Krishna International'),
       (960, '2019-03-24', 68, 'Zain'),
       (962, '2019-03-04', 61, 'DU'),
       (963, '2019-03-19', 13, 'Virgin Mobile Saudi Arabia'),
       (964, '2019-02-14', 59, 'Krishna International'),
       (965, '2019-01-11', 32, 'Telecom Egypt'),
       (966, '2019-04-01', 84, 'Telecom Egypt'),
       (967, '2019-01-17', 70, 'Vodafone Egypt'),
       (968, '2019-02-10', 30, 'Alpha'),
       (969, '2019-02-07', 4, 'Vodafone'),
       (972, '2019-03-03', 32, 'Bayanat'),
       (973, '2019-01-19', 17, 'Site Technology'),
       (975, '2019-04-04', 41, 'Vodafone'),
       (978, '2019-03-28', 70, 'Asiacell'),
       (980, '2019-01-29', 33, 'Integrated Telecom Company'),
       (984, '2019-01-20', 65, 'Batelco'),
       (987, '2019-03-13', 68, 'Ooredoo'),
       (989, '2019-02-25', 68, 'DU'),
       (991, '2019-02-04', 15, 'Orange S.A.'),
       (999, '2019-01-20', 7, 'Vodafone');

/*!40000 ALTER TABLE `optouts`
  ENABLE KEYS */;
UNLOCK TABLES;


# Dump of table service
# ------------------------------------------------------------

DROP TABLE IF EXISTS `service`;

CREATE TABLE `service`
(
  `service_ID`   int(11)     NOT NULL AUTO_INCREMENT,
  `service_name` varchar(30) NOT NULL,
  `short_code`   int(11)     NOT NULL,
  `tariff`       float       NOT NULL,
  `operator`     varchar(30) NOT NULL,
  PRIMARY KEY (`service_ID`),
  UNIQUE KEY `service_name` (`service_name`, `operator`),
  KEY `operator` (`operator`),
  CONSTRAINT `service_ibfk_1` FOREIGN KEY (`operator`) REFERENCES `operator` (`operator_name`) ON DELETE CASCADE
) ENGINE = InnoDB
  DEFAULT CHARSET = latin1;

LOCK TABLES `service` WRITE;
/*!40000 ALTER TABLE `service`
  DISABLE KEYS */;

INSERT INTO `service` (`service_ID`, `service_name`, `short_code`, `tariff`, `operator`)
VALUES (1, 'football news', 32, 1.46036, 'Umniah'),
       (2, 'nfl news', 50, 3.44442, 'MTN GROUP'),
       (3, 'politics news', 52, 6.63778, 'Etisalat Misr'),
       (4, 'football news', 41, 9.04938, 'Turkcell'),
       (5, 'nfl news', 23, 1.70568, 'Zain'),
       (7, 'politics news', 16, 8.99404, 'Turkcell'),
       (8, 'politics news', 26, 6.92136, 'Ooredoo'),
       (9, 'football news', 40, 3.90692, 'Turk Telecom'),
       (10, 'football news', 54, 4.31508, 'Zain'),
       (11, 'nfl news', 98, 7.25025, 'Batelco'),
       (13, 'football news', 33, 8.67218, 'Zain Saudi Arabia'),
       (14, 'politics news', 5, 7.14092, 'Asiacell'),
       (15, 'football news', 57, 4.10749, 'Mobily'),
       (16, 'politics news', 39, 3.96643, 'Syriatel'),
       (17, 'football news', 51, 9.19955, 'Etihad Atheeb Telecom'),
       (18, 'nfl news', 87, 9.72801, 'DU'),
       (19, 'nfl news', 90, 7.96534, 'Orange S.A.'),
       (20, 'football news', 71, 9.26037, 'Etisalat Misr'),
       (21, 'nfl news', 97, 4.05, 'Krishna International'),
       (22, 'football news', 61, 6.99413, 'Batelco'),
       (23, 'football news', 95, 2.51836, 'Koohiji Group'),
       (25, 'nfl news', 38, 5.97507, 'Advacomm'),
       (26, 'football news', 90, 7.57605, 'Viva'),
       (27, 'football news', 7, 6.10283, 'Etisalat'),
       (28, 'politics news', 89, 8.52217, 'Etisalat'),
       (30, 'football news', 46, 5.88678, 'DU'),
       (31, 'football news', 14, 3.71581, 'Alpha'),
       (32, 'politics news', 29, 3.06188, 'Orange S.A.'),
       (33, 'nfl news', 79, 2.34122, 'Etisalat Misr'),
       (35, 'football news', 70, 7.25631, 'MTN GROUP'),
       (36, 'nfl news', 12, 5.34678, 'Koohiji Group'),
       (40, 'nfl news', 77, 2.11455, 'Zain Saudi Arabia'),
       (41, 'football news', 85, 3.83363, 'Zain Iraq'),
       (43, 'nfl news', 52, 4.27377, 'Korek Telecom'),
       (44, 'nfl news', 70, 5.02861, 'Vodafone'),
       (46, 'nfl news', 79, 9.24522, 'Vodafone Egypt'),
       (47, 'politics news', 34, 1.06117, 'Alpha'),
       (48, 'politics news', 97, 1.52344, 'Integrated Telecom Company'),
       (52, 'politics news', 43, 2.05794, 'Mobily'),
       (53, 'nfl news', 33, 8.00242, 'Zain Iraq'),
       (55, 'football news', 95, 2.30668, 'Bayanat'),
       (56, 'football news', 28, 5.33253, 'Syriatel'),
       (57, 'football news', 85, 2.13923, 'Vodafone'),
       (59, 'politics news', 86, 3.4483, 'Batelco'),
       (60, 'nfl news', 74, 2.36061, 'Site Technology'),
       (61, 'politics news', 29, 4.72238, 'Bayanat'),
       (64, 'politics news', 62, 4.41385, 'Vodafone'),
       (65, 'football news', 49, 8.97546, 'Orange S.A.'),
       (67, 'football news', 23, 2.4687, 'Touch'),
       (68, 'politics news', 5, 5.42456, 'Zain Saudi Arabia'),
       (69, 'nfl news', 12, 3.59616, 'Turkcell'),
       (70, 'nfl news', 64, 7.92155, 'Telecom Egypt'),
       (73, 'politics news', 38, 5.76814, 'Vodafone Egypt'),
       (74, 'nfl news', 38, 5.76668, 'Etihad Atheeb Telecom'),
       (77, 'nfl news', 67, 7.78272, 'Asiacell'),
       (78, 'nfl news', 96, 4.20344, 'Mobily'),
       (80, 'nfl news', 43, 4.15132, 'Touch'),
       (84, 'politics news', 2, 2.93961, 'Koohiji Group'),
       (85, 'nfl news', 32, 6.49277, 'Viva'),
       (86, 'football news', 6, 4.87389, 'Integrated Telecom Company'),
       (89, 'politics news', 83, 8.88545, 'Zain'),
       (90, 'politics news', 9, 3.01756, 'Telecom Egypt'),
       (92, 'football news', 91, 4.81206, 'Saudi Telecom Company'),
       (103, 'nfl news', 53, 1.5072, 'Syriatel'),
       (105, 'football news', 10, 5.27744, 'Asiacell'),
       (108, 'nfl news', 17, 9.54299, 'Saudi Telecom Company'),
       (110, 'nfl news', 89, 9.78634, 'Alpha'),
       (112, 'nfl news', 17, 8.02668, 'Umniah'),
       (114, 'politics news', 90, 9.22822, 'Turk Telecom'),
       (116, 'politics news', 38, 5.23917, 'Saudi Telecom Company'),
       (127, 'nfl news', 61, 4.57323, 'Etisalat'),
       (132, 'politics news', 65, 5.78385, 'Zain Iraq'),
       (134, 'nfl news', 96, 6.18724, 'Ooredoo'),
       (136, 'nfl news', 23, 7.29463, 'Integrated Telecom Company'),
       (139, 'politics news', 97, 9.9403, 'Virgin Mobile Saudi Arabia'),
       (141, 'politics news', 58, 6.74443, 'Viva'),
       (142, 'nfl news', 9, 7.74638, 'Turk Telecom'),
       (161, 'politics news', 51, 9.28393, 'MTN GROUP'),
       (165, 'politics news', 24, 7.23693, 'Touch'),
       (172, 'football news', 84, 9.95846, 'Telecom Egypt'),
       (176, 'football news', 91, 8.84845, 'Vodafone Egypt'),
       (180, 'football news', 46, 6.17319, 'Korek Telecom'),
       (181, 'football news', 70, 1.38457, 'Advacomm'),
       (190, 'football news', 88, 4.02513, 'Virgin Mobile Saudi Arabia'),
       (213, 'football news', 43, 2.28075, 'Site Technology'),
       (228, 'politics news', 49, 7.44433, 'Etihad Atheeb Telecom'),
       (230, 'politics news', 97, 8.27493, 'Umniah'),
       (252, 'politics news', 41, 1.7492, 'Site Technology'),
       (258, 'football news', 56, 4.36911, 'Krishna International'),
       (263, 'nfl news', 82, 4.61276, 'Virgin Mobile Saudi Arabia'),
       (274, 'politics news', 18, 8.51418, 'DU'),
       (291, 'nfl news', 101, 8.30093, 'Bayanat'),
       (295, 'politics news', 86, 9.20653, 'Krishna International'),
       (304, 'football news', 86, 7.36401, 'Ooredoo'),
       (375, 'politics news', 12, 2.6186, 'Advacomm'),
       (533, 'politics news', 49, 2.45032, 'Korek Telecom');

/*!40000 ALTER TABLE `service`
  ENABLE KEYS */;
UNLOCK TABLES;



/*!40111 SET SQL_NOTES = @OLD_SQL_NOTES */;
/*!40101 SET SQL_MODE = @OLD_SQL_MODE */;
/*!40014 SET FOREIGN_KEY_CHECKS = @OLD_FOREIGN_KEY_CHECKS */;
/*!40101 SET CHARACTER_SET_CLIENT = @OLD_CHARACTER_SET_CLIENT */;
/*!40101 SET CHARACTER_SET_RESULTS = @OLD_CHARACTER_SET_RESULTS */;
/*!40101 SET COLLATION_CONNECTION = @OLD_COLLATION_CONNECTION */;
